"births_X.1","births_X.2","births_X.3","deaths_X.1","deaths_X.2","deaths_X.3","theta_birth","theta_death","phi_birth","phi_death","probs_delta_time","delta_theta","delta_phi","area_birth"
-0.393520589963882,0.913744586891846,0.101056297182946,-0.409550365169753,0.907053513340816,0.0975828997591495,1.97745804250958,1.99491133502952,0.101229096615671,0.0977384381116825,0.00398406374501992,0.0174532925199431,-0.00349065850398866,208
0.42814494669045,-0.877827228952193,-0.214735327167063,0.413665496033267,-0.879083926573426,-0.236838146065619,5.16617458590322,5.15221195188726,-0.216420827247297,-0.239110107523223,0.00796812749003984,-0.0139626340159555,-0.0226892802759263,150
0.870476666547443,-0.472630267504202,0.137444546037147,0.868609837536811,-0.475549995377389,0.139173100960065,5.7857664703612,5.78227581185721,0.137881010907552,0.139626340159546,0.0119521912350598,-0.00349065850398755,0.0017453292519943,46
-0.431185117162327,-0.89995276316552,-0.064532308252958,-0.361756233206093,-0.927856757879809,-0.0906325801977802,4.26558469187414,4.3406338497099,-0.0645771823237902,-0.0907571211037051,0.0159362549800797,0.0750491578357559,-0.0261799387799149,38
-0.982658326654082,0.146859270902511,0.113203213767907,-0.984288534393211,0.126090269290039,0.123601476740493,2.99323966717028,3.01418361819421,0.113446401379631,0.123918376891597,0.0199203187250996,0.020943951023932,0.010471975511966,156
-0.90763232644685,0.402207284796654,-0.120136838834647,-0.927824464563177,0.354301710499332,-0.116670737099333,2.72445896236315,2.77681883992298,-0.120427718387609,-0.11693705988362,0.0239043824701195,0.0523598775598297,0.00349065850398866,591
-0.334146562810806,-0.875043350167927,0.350207381259467,-0.395053462873473,-0.839531342786473,0.372987782575809,4.34761516671788,4.27256600888212,0.357792496658838,0.382227106186758,0.0278884462151394,-0.0750491578357559,0.0244346095279206,84
0.717205608799354,0.657197857522992,-0.231747903494157,0.679757302770374,0.69414530315961,-0.236838146065619,0.74176493209759,0.795870138909414,-0.23387411976724,-0.239110107523223,0.0318725099601594,0.0541052068118244,-0.00523598775598294,59
0.777877872455491,0.563089671628886,-0.278991106039229,0.759433303334486,0.597615080525028,-0.257132793154696,0.626573201465964,0.666715774261834,-0.282743338823081,-0.260054058547155,0.0358565737051793,0.0401425727958697,0.0226892802759263,542
0.139864023124498,-0.970589080709195,0.195946144242518,0.170101456980554,-0.964693300464303,0.201077921145965,4.85550597904822,4.88692190558412,0.197222205475359,0.202458193231342,0.0398406374501992,0.0314159265358978,0.005235987755983,376
-0.957646937041878,-0.258392974392289,-0.12706460860135,-0.953135802164111,-0.276911548641393,-0.121869343405147,3.40513737064094,3.42433599241287,-0.127409035395586,-0.122173047639603,0.0438247011952191,0.0191986217719373,0.00523598775598297,100
-0.515641476333109,0.834894700120925,-0.192521966525907,-0.533146841361151,0.827281959366076,-0.177084740319583,2.1240656996771,2.14326432144904,-0.193731546971371,-0.178023583703422,0.047808764940239,0.0191986217719378,0.015707963267949,97
-0.0188510958258632,0.981777749608648,-0.189095442989891,-0.0825302520463508,0.982826559112453,-0.165047605860678,1.58999494856683,1.65457213089062,-0.190240888467382,-0.165806278939461,0.0597609561752988,0.0645771823237902,0.0244346095279206,53
0.955338784231984,0.208297540619883,0.209618562903822,0.940474585270219,0.291125515612404,0.175366726091987,0.214675497995303,0.300196631343025,0.211184839491314,0.176278254451427,0.0597609561752988,0.0855211333477222,-0.0349065850398866,126
-0.504019116644884,-0.785090458609635,0.359996808120051,-0.65254529521281,-0.699769156460036,0.290702193598252,4.14166631498254,3.96189740202713,0.368264472170804,0.294960643587042,0.0637450199203187,-0.179768912955416,-0.0733038285837619,28
-0.154756288186166,-0.977092748940894,-0.146083028562412,-0.176649412445619,-0.972038930009332,-0.154710386299468,4.5553093477052,4.53262006742927,-0.146607657167524,-0.155334303427495,0.0677290836653386,-0.0226892802759266,-0.00872664625997163,33
-0.981743115626603,-0.115328310392154,-0.151260820247219,-0.968126279641303,-0.196967517725534,-0.154710386299468,3.25852971347341,3.34230551756914,-0.151843644923507,-0.155334303427495,0.0717131474103586,0.0837758040957275,-0.00349065850398866,28
-0.832750011918931,0.510309863627458,0.214735327167063,-0.74586389884791,0.657567480596815,0.106264071336233,2.59181393921158,2.41902634326414,0.216420827247297,0.106465084371654,0.0796812749003984,-0.172787595947439,-0.109955742875643,14
-0.75021905129278,0.654457791184202,-0.0941083133185143,-0.752373669732112,0.651726516890073,-0.095845752520224,2.42426233102012,2.42775298952411,-0.0942477796076938,-0.0959931088596881,0.0796812749003984,0.00349065850398844,-0.00174532925199432,84
-0.198993685284174,0.960904160477006,-0.192521966525907,-0.217838647547762,0.958820388228767,-0.182235525492147,1.77499984927823,1.79419847105017,-0.193731546971371,-0.183259571459405,0.0836653386454183,0.0191986217719373,0.010471975511966,154
-0.617031288341612,0.778499737086706,0.114937150492867,-0.725529277127232,0.683704203825605,0.0784590957278449,2.24100275956072,2.38586508747625,0.115191730631626,0.0785398163397448,0.0876494023904383,0.144862327915529,-0.0366519142918809,152
0.644041198166511,0.722855994395801,0.250380004054441,0.529749018410082,0.828345453746295,0.182235525492147,0.842994028713261,1.00181899064475,0.253072741539178,0.183259571459405,0.0916334661354582,0.158824961931484,-0.0698131700797732,35
0.829248997776483,-0.457770040472733,0.320612990585676,0.812104621260703,-0.491828040805491,0.313992455967405,5.77878515335323,5.73864258055736,0.32637657012294,0.319395253114962,0.0956175298804781,-0.0401425727958697,-0.00698131700797733,39
0.955146575798708,0.182203953947733,0.233445363855905,0.95444949731426,0.164862054756357,0.248689887164855,0.188495559215388,0.171042266695444,0.235619449019234,0.251327412287183,0.099601593625498,-0.0174532925199431,0.015707963267949,94
0.961168403772104,-0.253951646494505,0.107999355706023,0.957625711915885,-0.270980762328601,0.0975828997591495,6.02487657788443,6.00742328536448,0.108210413623648,0.0977384381116825,0.103585657370518,-0.0174532925199431,-0.010471975511966,124
-0.828530130593993,-0.552560908954473,0.0906325801977802,-0.78779807016048,-0.602317104981797,0.128795596577563,3.72976861151188,3.79434579383567,0.0907571211037051,0.12915436464758,0.107569721115538,0.0645771823237906,0.0383972435438753,113
-0.891623724261551,0.419566276918927,0.170209499166033,-0.885203078925449,0.437494611193363,0.158158067254484,2.70176968208722,2.68257106031528,0.171042266695444,0.158824961931484,0.111553784860558,-0.0191986217719382,-0.0122173047639603,928
-0.368333771382011,0.911658075216858,0.182235525492147,-0.398141235721302,0.894239856637711,0.20449605184179,1.95476876223365,1.98967534727354,0.183259571459405,0.205948851735331,0.115537848605578,0.0349065850398862,0.0226892802759263,115
-0.323851359982143,0.880202221256659,-0.346935651573256,-0.416748545344533,0.839534500648481,-0.348572047321815,1.92335283569775,2.0315632493214,-0.354301838154849,-0.356047167406843,0.123505976095618,0.108210413623649,-0.00174532925199433,282
-0.244037561883931,0.950463550481944,-0.192521966525907,-0.245088820766911,0.947688152672705,-0.20449605184179,1.82212373908208,1.82386906833407,-0.193731546971371,-0.205948851735331,0.123505976095618,0.00174532925199422,-0.0122173047639603,104
0.997800665333121,-0.0540389523791916,0.0383878090875199,0.999555305783506,0.0279201077624017,0.0104717841162458,6.22908010036776,0.0279252680319093,0.0383972435438752,0.010471975511966,0.127490039840637,0.0820304748437337,-0.0279252680319093,150
0.858969890299032,-0.400544237970997,-0.31895930929807,0.823450517431532,-0.448959796651306,-0.346935651573256,5.846852994181,5.78402114110921,-0.324631240870945,-0.354301838154849,0.131474103585657,-0.0628318530717973,-0.0296705972839036,297
-0.182724767927197,-0.957876778290668,-0.221548497619467,-0.158884795205439,-0.980984352069546,-0.111468932206325,4.5238934211693,4.55181868920121,-0.223402144255274,-0.111701072127637,0.147410358565737,0.0279252680319093,0.111701072127637,27
-0.600308173749565,-0.751993060872895,-0.272280247040574,-0.599132699426039,-0.755917338060478,-0.263873049965373,4.03869188911488,4.04218254761887,-0.275762021815104,-0.267035375555132,0.147410358565737,0.00349065850398844,0.00872664625997166,230
-0.77179514364956,-0.627220899369479,0.104528463267653,-0.766431693215167,-0.63404743830109,0.102792536787247,3.82401639111958,3.83274303737955,0.10471975511966,0.102974425867665,0.147410358565737,0.00872664625997199,-0.00174532925199432,45
-0.87819252379465,0.437850640694038,0.192521966525907,-0.87872805175093,0.430484430602231,0.20620418539663,2.6790804018113,2.68606171881927,0.193731546971371,0.207694180987325,0.151394422310757,0.00698131700797733,0.0139626340159546,27
-0.872452140808403,0.473702862513679,-0.120136838834647,-0.868285135658817,0.481298309937578,-0.120136838834647,2.64417381677141,2.63544717051144,-0.120427718387609,-0.120427718387609,0.155378486055777,-0.00872664625997155,0,156
0.998094302874768,0.0418325456662172,0.0453629881292538,0.997800462765077,0.0592802704757761,0.0296662440851108,0.0418879020478639,0.0593411945678072,0.0453785605518526,0.0296705972839036,0.159362549800797,0.0174532925199431,-0.015707963267949,29
0.22455510177949,0.972655005805281,0.0593063735759616,0.269529156510429,0.958880512772784,0.0888942968664415,1.34390352403563,1.29677963423179,0.0593411945678072,0.0890117918517108,0.167330677290837,-0.0471238898038466,0.0296705972839036,26
0.701631237770271,0.66582318354429,-0.253757944584806,0.711091465315973,0.660786966852649,-0.240228042477264,0.759218224617533,0.748746249105567,-0.256563400043166,-0.242600766027212,0.167330677290837,-0.0104719755119662,0.0139626340159546,84
0.929079939044122,0.347368755225273,0.12706460860135,0.902458800967997,0.413177898360262,0.121869343405147,0.357792496658838,0.429350995990605,0.127409035395586,0.122173047639603,0.171314741035857,0.0715584993317675,-0.00523598775598297,187
-0.620327559824704,-0.749847209064362,-0.230049737188104,-0.629167106485703,-0.744518728990416,-0.223250116010951,4.02123859659494,4.01076662108297,-0.232128790515246,-0.225147473507269,0.175298804780877,-0.0104719755119662,0.00698131700797733,35
-0.926421673797929,-0.115391919371073,0.3583679495453,-0.92709747836937,-0.141865849550186,0.346935651573256,3.26551103048139,3.2934362985133,0.366519142918809,0.354301838154849,0.183266932270916,0.0279252680319093,-0.0122173047639603,120
-0.925485177243256,0.344184852172992,-0.158158067254484,-0.935051317932545,0.323790549684788,-0.144356201000973,2.78554548618295,2.80823476645888,-0.158824961931484,-0.144862327915529,0.183266932270916,0.0226892802759266,0.0139626340159546,516
0.0574504375016138,0.996371817088436,0.0627905195293134,0.0348416269368902,0.99773365375364,0.0575640269595673,1.51320046147908,1.53588974175501,0.0628318530717959,0.0575958653158129,0.187250996015936,0.0226892802759262,-0.005235987755983,21
0.656216837459627,0.718649135986518,-0.230049737188104,0.727704364702996,0.655227953031768,-0.202787295356512,0.830776723949301,0.733038285837618,-0.232128790515246,-0.204203522483337,0.191235059760956,-0.0977384381116826,0.0279252680319093,391
0.479690404050637,0.858304916396462,-0.182235525492147,0.484988333007772,0.85027506233422,-0.20449605184179,1.06116018521255,1.05243353895258,-0.183259571459405,-0.205948851735331,0.195219123505976,-0.00872664625997199,-0.0226892802759263,71
0.930569109484662,0.305955555760211,0.201077921145965,0.927052985567207,0.301217774462306,0.223250116010951,0.317649923862968,0.314159265358979,0.202458193231342,0.225147473507269,0.199203187250996,-0.00349065850398844,0.0226892802759263,27
0.8659506032622,-0.409332974901284,-0.287360519849712,0.887566612227752,-0.364017596561476,-0.282341456842876,5.84161700642502,5.89397688398485,-0.291469985083053,-0.28623399732707,0.203187250996016,0.0523598775598302,0.00523598775598305,426
-0.759068182162056,-0.630190546491329,0.163325962241622,-0.787340743667658,-0.599792914788836,0.142628933705512,3.83448836663154,3.79260046458368,0.164060949687467,0.143116998663535,0.211155378486056,-0.0418879020478635,-0.020943951023932,109
-0.97900706499132,-0.121941776085681,0.163325962241622,-0.975281538330443,-0.170213876726538,0.140901231937583,3.26551103048139,3.31438024953723,0.164060949687467,0.141371669411541,0.211155378486056,0.0488692190558413,-0.0226892802759263,106
-0.936993023437225,0.322632571429207,-0.133986185418292,-0.93673385608754,0.318890216362832,-0.144356201000973,2.80998009571087,2.81347075421486,-0.134390352403563,-0.144862327915529,0.215139442231076,0.003490658503988,-0.010471975511966,181
0.86746717778576,-0.411903700172038,-0.278991106039229,0.835812170545955,-0.474807396367697,-0.275637355816999,5.83987167717303,5.76656784858926,-0.282743338823081,-0.279252680319093,0.223107569721116,-0.0733038285837626,0.00349065850398866,687
-0.993713398485718,0.0294927251546509,0.107999355706023,-0.98091405428482,-0.150100942882071,0.123601476740493,3.11192205630589,3.2934362985133,0.108210413623648,0.123918376891597,0.227091633466135,0.18151424220741,0.015707963267949,50
0.304794345156312,0.949323231509696,0.0767190281268186,0.248413810294408,0.967507912710048,0.0471064507096427,1.26012771993991,1.31946891450771,0.0767944870877505,0.0471238898038469,0.235059760956175,0.0593411945678071,-0.0296705972839036,68
0.4786667159349,0.835799201445151,0.268919820615266,0.509939955740757,0.822448952929007,0.252069358243114,1.05068820970059,1.0157816246607,0.272271363311115,0.254818070791172,0.235059760956175,-0.0349065850398862,-0.0174532925199433,40
0.343984235102969,-0.934921773469165,-0.0871557427476582,0.340329048655144,-0.935046376364481,-0.099319749743639,5.06494548928754,5.06145483078356,-0.0872664625997165,-0.0994837673636768,0.239043824701195,-0.00349065850398844,-0.0122173047639603,219
-0.991033967101767,-0.0832194473511843,0.104528463267653,-0.982717276971698,-0.134615522070511,0.12706460860135,3.22536845768552,3.27772833524535,0.10471975511966,0.127409035395586,0.247011952191235,0.0523598775598297,0.0226892802759263,121
0.857392911331749,-0.457805179354402,-0.23514211310259,0.851826708065727,-0.466361500385178,-0.238533457578581,5.79274778736918,5.78227581185721,-0.237364778271229,-0.240855436775218,0.254980079681275,-0.0104719755119644,-0.00349065850398869,355
0.300601318365758,0.947615421235773,0.107999355706023,0.332270078670184,0.938301756656323,0.095845752520224,1.26361837844389,1.230457122656,0.108210413623648,0.0959931088596881,0.266932270916335,-0.033161255787892,-0.0122173047639603,872
0.787527941093146,0.584869864844948,0.194234351219972,0.780858392518901,0.594854686554785,0.190808995376545,0.638790506229925,0.651007810993885,0.195476876223365,0.191986217719376,0.266932270916335,0.0122173047639604,-0.00349065850398866,151
-0.905020058679542,-0.292313514184945,0.309016994374947,-0.903330900962492,-0.283086744733636,0.322265695230511,3.45400658969678,3.44527994343681,0.314159265358979,0.328121899374934,0.274900398406374,-0.00872664625997155,0.0139626340159547,122
0.0987936348653705,0.989784578628567,0.102792536787247,0.0920190894738847,0.991935665090484,0.0871557427476582,1.47131255943122,1.4782938764392,0.102974425867665,0.0872664625997165,0.278884462151394,0.00698131700797733,-0.015707963267949,39
0.756968112816017,-0.576655170508703,0.307356617799807,0.728785453128202,-0.609359222451485,0.312334918512233,5.6321774961857,5.58679893563385,0.312413936106985,0.317649923862968,0.286852589641434,-0.0453785605518524,0.00523598775598305,148
0.763420181519993,-0.613805584917242,-0.201077921145965,0.7737378120454,-0.600172567727973,-0.202787295356512,5.60599755740579,5.62345084992573,-0.202458193231342,-0.204203522483337,0.294820717131474,0.017453292519944,-0.00174532925199433,185
-0.0364688229417182,-0.994558999068352,0.0975828997591495,0.0243784632342894,-0.997503614357414,0.0662739004000001,4.67573706609281,4.73682358991261,0.0977384381116825,0.0663225115757845,0.298804780876494,0.0610865238198013,-0.0314159265358979,56
0.676765992847381,-0.705725051993646,-0.209618562903822,0.677996684025859,-0.704542798228806,-0.209618562903822,5.47684319275821,5.4785885220102,-0.211184839491314,-0.211184839491314,0.302788844621514,0.00174532925199333,0,64
-0.982852236549993,-0.146888250930626,0.111468932206325,-0.952776980596904,-0.275004944586232,0.128795596577563,3.28994564000931,3.42259066316088,0.111701072127637,0.12915436464758,0.306772908366534,0.132645023151569,0.0174532925199433,6
-0.845446717376341,-0.453324552418476,0.282341456842876,-0.824652752166854,-0.499427459005775,0.265556117486809,3.63377550265219,3.68613538021202,0.28623399732707,0.268780704807127,0.310756972111554,0.0523598775598302,-0.0174532925199433,164
-0.638105049102589,-0.726339735290857,-0.255445757935791,-0.675028340139121,-0.677388755654051,-0.292371704722737,3.99156799931103,3.92873614623924,-0.258308729295161,-0.296705972839036,0.314741035856574,-0.062831853071796,-0.0383972435438752,267
0.381592000327858,0.916715902324737,-0.118403968306501,0.400801500689554,0.900214909584733,-0.170209499166033,1.17635191584418,1.15191730631626,-0.118682389135614,-0.171042266695444,0.318725099601594,-0.0244346095279209,-0.0523598775598299,135
0.693287620844507,0.71792034756023,-0.0627905195293134,0.674330095694244,0.735902165957984,-0.0610485395348569,0.802851455917391,0.829031394697307,-0.0628318530717959,-0.0610865238198015,0.322709163346614,0.0261799387799151,0.00174532925199433,110
0.563453692023086,0.807691926007997,-0.17364817766693,0.615166894646524,0.767853800928562,-0.17880221511635,0.961676417848876,0.895353906273091,-0.174532925199433,-0.179768912955416,0.338645418326693,-0.0663225115757848,-0.005235987755983,133
0.859590102376677,0.498286953761255,-0.113203213767907,0.848805273883063,0.514054746088263,-0.123601476740493,0.525344104850293,0.544542726622231,-0.113446401379631,-0.123918376891597,0.338645418326693,0.0191986217719378,-0.010471975511966,53
0.737016005749126,-0.601095586788888,0.309016994374947,0.71595217446558,-0.620177228012862,0.320612990585676,5.59901624039781,5.56934564311391,0.314159265358979,0.32637657012294,0.338645418326693,-0.0296705972839035,0.0122173047639603,132
0.967395454281153,0.0897425629473725,-0.236838146065619,0.965574418847898,0.099782409642613,-0.240228042477264,0.0925024503556995,0.102974425867665,-0.239110107523223,-0.242600766027212,0.342629482071713,0.0104719755119662,-0.00349065850398866,138
-0.331643214349517,-0.941751951394962,0.0558215049931638,-0.268090830555762,-0.960193458043477,0.0784590957278449,4.37379510549779,4.44011761707357,0.0558505360638185,0.0785398163397448,0.346613545816733,0.0663225115757848,0.0226892802759263,70
-0.90343987943,-0.318151404031492,-0.287360519849712,-0.883707015099271,-0.384246746004951,-0.267238376078257,3.48018652847669,3.55174502780846,-0.291469985083053,-0.270526034059121,0.350597609561753,0.0715584993317675,0.020943951023932,102
-0.843437986169014,0.518886511152792,0.139173100960065,-0.874580148393,0.466982309280996,0.130526192220052,2.59006860995959,2.65115513377939,0.139626340159546,0.130899693899575,0.358565737051793,0.0610865238198013,-0.00872664625997166,31
-0.147449354832974,0.986606670426531,0.0697564737441253,-0.16939715730722,0.980704940729284,0.0975828997591495,1.71914931321441,1.74183859349034,0.0698131700797732,0.0977384381116825,0.370517928286853,0.0226892802759258,0.0279252680319093,110
0.899471633748758,0.408018428785902,0.156434465040231,0.807589192812918,0.571805021737608,0.144356201000973,0.425860337486616,0.616101225953998,0.15707963267949,0.144862327915529,0.370517928286853,0.190240888467382,-0.0122173047639603,44
0.953046117936661,0.188708213001078,-0.236838146065619,0.955463126756854,0.18053663202298,-0.233445363855905,0.195476876223365,0.186750229963393,-0.239110107523223,-0.235619449019234,0.370517928286853,-0.00872664625997155,0.00349065850398864,239
-0.402068282891688,-0.89048253796246,0.213030386274977,-0.400513486073985,-0.891182922859498,0.213030386274977,4.28827397215007,4.29001930140206,0.214675497995303,0.214675497995303,0.374501992031873,0.00174532925199511,0,20
-0.993314342615275,-0.0451061403561813,-0.106264071336233,-0.992528464386343,-0.0294575571315844,-0.118403968306501,3.18697121414165,3.1712632508737,-0.106465084371654,-0.118682389135614,0.378486055776892,-0.0157079632679493,-0.0122173047639603,205
-0.928880411126101,0.338084820842853,0.151260820247219,-0.927694615810424,0.3413251588361,0.151260820247219,2.79252680319093,2.78903614468694,0.151843644923507,0.151843644923507,0.382470119521912,-0.00349065850398844,0,237
-0.946998063815894,0.289526363390465,0.139173100960065,-0.946303812913145,0.287509080982779,0.147809411129611,2.84488668075076,2.84663201000275,0.139626340159546,0.148352986419518,0.398406374501992,0.00174532925199467,0.00872664625997163,32
0.482683524883654,0.856625255321422,-0.182235525492147,0.469319743640035,0.864379440076902,-0.18051914525056,1.05766952670856,1.07337748997651,-0.183259571459405,-0.18151424220741,0.402390438247012,0.0157079632679489,0.00174532925199433,80
-0.378841481989919,-0.919138330552462,0.107999355706023,-0.398299529289124,-0.911671601931164,0.101056297182946,4.32143522793796,4.30049127691403,0.108210413623648,0.101229096615671,0.406374501992032,-0.0209439510239315,-0.00698131700797731,295
-0.896552592912372,-0.423798469138731,-0.128795596577563,-0.896552592912372,-0.423798469138731,-0.128795596577563,3.58316095434436,3.58316095434436,-0.12915436464758,-0.12915436464758,0.414342629482072,0,0,35
0.443193843301496,0.873582787655106,-0.201077921145965,0.44929738285803,0.878004071492031,-0.165047605860678,1.10130275800842,1.09781209950443,-0.202458193231342,-0.165806278939461,0.418326693227092,-0.00349065850398844,0.0366519142918809,95
-0.731847980588297,0.656649637597884,0.182235525492147,-0.731763872444868,0.647409985641267,0.213030386274977,2.41029969700417,2.41728101401215,0.183259571459405,0.214675497995303,0.422310756972112,0.00698131700797777,0.0314159265358979,53
0.397118143766124,-0.879519195069316,0.262189178640865,0.35744261204209,-0.889166427518498,0.285688367404974,5.13650398861931,5.09461608657145,0.265290046303138,0.289724655831059,0.430278884462151,-0.0418879020478649,0.0244346095279206,31
-0.279395552768609,0.886129482964319,0.369746757273829,-0.259861049925186,0.888655486984794,0.377840786818467,1.8762289458939,1.85528499486997,0.378736447682769,0.387463093942741,0.438247011952191,-0.020943951023932,0.00872664625997166,20
0.714910336120468,0.685574363634436,0.137444546037147,0.631915329055332,0.761145692801927,0.146083028562412,0.764454212373516,0.877900613753148,0.137881010907552,0.146607657167524,0.442231075697211,0.113446401379631,0.00872664625997163,127
0.458600221856344,0.873504703233566,0.163325962241622,0.453127352283514,0.877918161894149,0.154710386299468,1.08734012399247,1.09432144100044,0.164060949687467,0.155334303427495,0.446215139442231,0.00698131700797733,-0.00872664625997166,50
0.660412318657446,0.741230537228678,0.120136838834647,0.666625263509231,0.732611598881625,0.137444546037147,0.842994028713261,0.832522053201295,0.120427718387609,0.137881010907552,0.450199203187251,-0.0104719755119658,0.0174532925199433,126
-0.785898337321773,-0.542154948019562,-0.297374874077786,-0.773927840551715,-0.568506517438426,-0.278991106039229,3.74547657477983,3.77514717206373,-0.301941960595019,-0.282743338823081,0.458167330677291,0.0296705972839035,0.0191986217719377,28
-0.101060563062049,0.961527028921284,0.255445757935791,-0.142705941032014,0.954867747581318,0.260504508642648,1.67551608191456,1.71914931321441,0.258308729295161,0.263544717051144,0.462151394422311,0.0436332312998582,0.00523598775598294,92
0.731696578861458,-0.665792659353099,-0.146083028562412,0.731301293029539,-0.670114172402218,-0.12706460860135,5.54491103358598,5.541420375082,-0.146607657167524,-0.127409035395586,0.470119521912351,-0.00349065850398844,0.0191986217719377,158
0.964768108223192,0.0218936511133294,-0.262189178640865,0.962844260983217,0.0825448712891805,-0.257132793154696,0.0226892802759263,0.0855211333477222,-0.265290046303138,-0.260054058547155,0.474103585657371,0.062831853071796,0.00523598775598294,46
0.493391316207288,-0.858033796747697,-0.142628933705512,0.489602854139144,-0.861856886295492,-0.132256390257122,5.23424242673099,5.22900643897501,-0.143116998663535,-0.132645023151569,0.47808764940239,-0.00523598775598177,0.010471975511966,319
0.511823219841267,-0.815916124188983,0.268919820615266,0.512564442032103,-0.817097733607364,0.263873049965373,5.27263967027487,5.27263967027487,0.272271363311115,0.267035375555132,0.48605577689243,0,-0.00523598775598294,21
0.0885183285930697,-0.972652684553713,0.214735327167063,0.138023359444113,-0.969802671616952,0.201077921145965,4.80314610148839,4.85376064979623,0.216420827247297,0.202458193231342,0.48605577689243,0.050614548307836,-0.0139626340159546,50
-0.817144898335129,-0.576432316169793,0,-0.824081001260196,-0.566375180511484,0.0104717841162458,3.7559485502918,3.74373124552784,0,0.010471975511966,0.49003984063745,-0.0122173047639604,0.010471975511966,23
0.25919913279188,-0.947472454746872,0.187381314585725,0.245862826466229,-0.950681010645786,0.189095442989891,4.97942435593982,4.96546172192387,0.188495559215388,0.190240888467382,0.50199203187251,-0.0139626340159555,0.0017453292519943,419
0.968272106565811,0.0745044781353051,0.238533457578581,0.964310020581839,0.0996517467923214,0.245307385878803,0.0767944870877505,0.102974425867665,0.240855436775218,0.247836753783195,0.50597609561753,0.0261799387799151,0.00698131700797727,29
0.99037951952504,-0.0345848149106816,-0.133986185418292,0.99568880886255,0.0434727122383921,-0.0819385086300409,6.2482787221397,0.0436332312998582,-0.134390352403563,-0.0820304748437335,0.51394422310757,0.0785398163397444,0.0523598775598299,307
0.91297755447484,-0.36331789517777,0.185666615385577,0.933081013533753,-0.3140164542864,0.175366726091987,5.90444885949682,5.95855406630864,0.186750229963393,0.176278254451427,0.51792828685259,0.0541052068118235,-0.010471975511966,51
0.573358735397182,-0.806794117364383,-0.142628933705512,0.642153401881794,-0.759885934368646,-0.101056297182946,5.33023553559068,5.41401133968641,-0.143116998663535,-0.101229096615671,0.525896414342629,0.0837758040957279,0.0418879020478639,93
0.248575001904477,-0.947511550354826,0.201077921145965,0.26342720040141,-0.943490211775561,0.201077921145965,4.96895238042786,4.98466034369581,0.202458193231342,0.202458193231342,0.525896414342629,0.0157079632679498,0,21
0.598660573403359,-0.758035764159304,0.258819045102521,0.590710600719127,-0.76705334871034,0.250380004054441,5.38085008389852,5.36863277913456,0.261799387799149,0.253072741539178,0.529880478087649,-0.0122173047639595,-0.0087266462599716,40
0.785587614837043,-0.577071473143268,-0.223250116010951,0.792175397501445,-0.581910680604148,-0.18395135061272,5.64963078870564,5.64963078870564,-0.225147473507269,-0.185004900711399,0.541832669322709,0,0.0401425727958696,114
0.991230325355205,-0.0467452355196069,-0.123601476740493,0.993664247952871,-0.0242846311404619,-0.109734311091045,6.23606141737574,6.25875069765167,-0.123918376891597,-0.109955742875643,0.545816733067729,0.0226892802759266,0.0139626340159546,134
0.504107828748298,0.845648749998753,0.175366726091987,0.484333765274131,0.856057031986415,0.18051914525056,1.03323491718064,1.05592419745657,0.176278254451427,0.18151424220741,0.557768924302789,0.0226892802759262,0.005235987755983,59
0.853779906919778,-0.483045429898899,0.194234351219972,0.825868142023248,-0.526136032631351,0.202787295356512,5.76831317784126,5.71595330028143,0.195476876223365,0.204203522483337,0.565737051792829,-0.0523598775598302,0.00872664625997166,47
-0.503139871400677,-0.844024986441855,-0.185666615385577,-0.488289752756551,-0.838965794869188,-0.240228042477264,4.17482757077044,4.1852995462824,-0.186750229963393,-0.242600766027212,0.565737051792829,0.0104719755119662,-0.0558505360638185,176
-0.676749655722081,-0.695916942664559,-0.240228042477264,-0.666557169197863,-0.712298523529694,-0.219846204352837,3.9409534510032,3.96015207277513,-0.242600766027212,-0.22165681500328,0.569721115537849,0.0191986217719378,0.020943951023932,156
0.0711241238294223,-0.968526276682829,-0.238533457578581,0.0300382582948228,-0.955832877294004,-0.292371704722737,4.78569280896845,4.74380490692059,-0.240855436775218,-0.296705972839036,0.573705179282869,-0.041887902047864,-0.0558505360638185,115
0.0363132997034415,0.990317649232661,-0.133986185418292,0.0293403860065414,0.988580558037889,-0.147809411129611,1.53414441250302,1.54112572951099,-0.134390352403563,-0.148352986419518,0.577689243027888,0.00698131700797688,-0.0139626340159546,25
0.266718990955741,-0.94256493118043,-0.201077921145965,0.262216089076326,-0.932863446782811,-0.246999012722743,4.98815100219979,4.9864056729478,-0.202458193231342,-0.249582083035189,0.581673306772908,-0.00174532925199422,-0.0471238898038469,106
-0.450291430911534,0.876172364164013,0.17192910027941,-0.451089702275574,0.877725632248328,0.161603821103361,2.04552588333735,2.04552588333735,0.172787595947439,0.162315620435473,0.585657370517928,0,-0.010471975511966,139
0.172819424371042,0.980107659512289,-0.0975828997591495,0.147201086512593,0.984945468305837,-0.0906325801977802,1.39626340159546,1.42244334037538,-0.0977384381116825,-0.0907571211037051,0.589641434262948,0.0261799387799151,0.00698131700797731,125
0.18934586014799,0.974100005231694,0.123601476740493,0.175688374249515,0.976434931635425,0.125333233564304,1.37881010907552,1.39277274309147,0.123918376891597,0.125663706143592,0.593625498007968,0.0139626340159547,0.00174532925199435,58
0.249179824600991,-0.949816997348582,-0.189095442989891,0.24580527193099,-0.943660972751067,-0.221548497619467,4.96895238042786,4.96720705117586,-0.190240888467382,-0.223402144255274,0.597609561752988,-0.00174532925199422,-0.0331612557878923,53
-0.465119987170717,-0.846050115838988,0.260504508642648,-0.482826830754631,-0.83966159345618,0.248689887164855,4.20973415581032,4.19053553403839,0.263544717051144,0.251327412287183,0.601593625498008,-0.0191986217719364,-0.0122173047639603,170
-0.819305844853407,-0.563093306438754,-0.107999355706023,-0.755861916473034,-0.643288913602365,-0.121869343405147,3.74373124552784,3.8467056713955,-0.108210413623648,-0.122173047639603,0.605577689243028,0.102974425867666,-0.0139626340159546,7
-0.921637748069129,-0.313751081996178,-0.228350870110656,-0.906825988845493,-0.355381218962903,-0.226651307436855,3.46971455296473,3.51509311351658,-0.230383461263251,-0.228638132011257,0.609561752988048,0.045378560551852,0.00174532925199433,21
-0.978583596344229,0.135789695253594,-0.154710386299468,-0.992640566836737,0.0381334040786097,-0.114937150492867,3.00371164268224,3.10319541004592,-0.155334303427495,-0.115191730631626,0.613545816733068,0.0994837673636768,0.0401425727958696,92
-0.795164390309793,0.556780100210844,0.240228042477264,-0.90618614915848,0.337007607964471,0.255445757935791,2.53072741539178,2.78554548618295,0.242600766027212,0.258308729295161,0.617529880478088,0.254818070791172,0.015707963267949,171
-0.620806372940515,0.772127405753268,0.135715572434304,-0.638697027755674,0.75579586792244,0.144356201000973,2.2479840765687,2.27241868609662,0.136135681655558,0.144862327915529,0.621513944223108,0.0244346095279204,0.00872664625997166,24
-0.799091944739925,0.553317495202721,0.23514211310259,-0.797180593171442,0.56026790468526,0.224951054343865,2.53596340314776,2.52898208613978,0.237364778271229,0.226892802759263,0.625498007968127,-0.00698131700797733,-0.010471975511966,21
0.296614847948339,-0.923847080639457,0.241921895599668,0.308012859653928,-0.920553401979131,0.240228042477264,5.02305758723968,5.03527489200364,0.244346095279206,0.242600766027212,0.637450199203187,0.0122173047639604,-0.00174532925199436,29
-0.168046235303403,-0.962861512993142,0.211324796455389,-0.175336073123698,-0.964812090522321,0.195946144242518,4.53960138443725,4.53262006742927,0.212930168743308,0.197222205475359,0.641434262948207,-0.00698131700797777,-0.0157079632679489,8
-0.74183868429229,-0.660954157926328,-0.113203213767907,-0.786137433905495,-0.607596056113847,-0.113203213767907,3.86939495167143,3.79958178159165,-0.113446401379631,-0.113446401379631,0.649402390438247,-0.0698131700797737,0,86
-0.980096595183291,-0.190511479156553,-0.0558215049931638,-0.976352417533724,-0.209311821840548,-0.0540788129847753,3.33357887130917,3.35277749308111,-0.0558505360638185,-0.0541052068118242,0.653386454183267,0.0191986217719378,0.00174532925199433,115
-0.447296243284545,-0.862921930066204,-0.23514211310259,-0.40018581930948,-0.878127635726851,-0.262189178640865,4.23416876533824,4.28478331364608,-0.237364778271229,-0.265290046303138,0.657370517928287,0.050614548307836,-0.0279252680319093,250
0.965716918454123,-0.19296928202288,-0.17364817766693,0.973023640945858,-0.166321976848262,-0.159881187691835,6.08596310170423,6.11388836973614,-0.174532925199433,-0.160570291183478,0.661354581673307,0.0279252680319093,0.0139626340159547,33
0.998751372167193,-0.0488470913317406,0.0104717841162458,0.999512677054081,-0.0279189170341727,-0.0139621803391453,6.23431608812375,6.25526003914768,0.010471975511966,-0.0139626340159546,0.665338645418327,0.0209439510239315,-0.0244346095279206,29
0.791807301146178,0.598839158544616,0.120136838834647,0.790926734772954,0.600346067290081,0.118403968306501,0.647517152489896,0.649262481741891,0.120427718387609,0.118682389135614,0.673306772908366,0.00174532925199422,-0.00174532925199435,70
0.603936298170593,-0.773003211221116,-0.194234351219972,0.625223767535151,-0.758457079284588,-0.18395135061272,5.37561409614253,5.40179403492245,-0.195476876223365,-0.185004900711399,0.681274900398406,0.026179938779916,0.010471975511966,90
-0.87364114447954,-0.472376004658554,-0.116670737099333,-0.851298807650449,-0.509491825898354,-0.125333233564304,3.63726616115618,3.68089939245604,-0.11693705988362,-0.125663706143592,0.681274900398406,0.0436332312998577,-0.00872664625997165,323
-0.953673758077052,0.253752966800361,0.161603821103361,-0.953001168143656,0.251793769761341,0.168489379565003,2.88153859504264,2.88328392429463,0.162315620435473,0.16929693744345,0.685258964143426,0.00174532925199422,0.0069813170079773,56
-0.999535501550677,-0.0296655211396686,0.00698126029796155,-0.992624620148255,-0.116606593388013,-0.0331551783885263,3.1712632508737,3.25852971347341,0.00698131700797732,-0.0331612557878923,0.689243027888446,0.0872664625997168,-0.0401425727958696,17
0.996871774932996,-0.0592250962521436,0.0523359562429438,0.998451812990277,-0.0366115659482133,0.0418756537291996,6.22384411261178,6.2465333928877,0.0523598775598299,0.0418879020478639,0.693227091633466,0.0226892802759258,-0.010471975511966,64
0.943668728612367,-0.304796694439669,-0.128795596577563,0.949129496521126,-0.286559089854236,-0.130526192220052,5.9707713710726,5.98996999284454,-0.12915436464758,-0.130899693899575,0.697211155378486,0.0191986217719364,-0.0017453292519943,23
0.696924968109437,-0.694496477093403,-0.17880221511635,0.682010256101932,-0.708713516711643,-0.18051914525056,5.49953247303413,5.4785885220102,-0.179768912955416,-0.18151424220741,0.701195219123506,-0.0209439510239324,-0.00174532925199433,71
0.984779321343309,-0.101767043256073,-0.140901231937583,0.98448882723552,-0.119136238612184,-0.128795596577563,6.18021088131192,6.16275758879198,-0.141371669411541,-0.12915436464758,0.709163346613546,-0.017453292519944,0.0122173047639603,50
0.501150387043155,-0.850784529319158,-0.158158067254484,0.505894276767703,-0.845287741074479,-0.17192910027941,5.24471440224296,5.25169571925094,-0.158824961931484,-0.172787595947439,0.713147410358566,0.00698131700797688,-0.0139626340159546,79
-0.90693493966265,-0.357251173434324,-0.223250116010951,-0.92342608741741,-0.307182973969355,-0.230049737188104,3.51683844276857,3.46273323595675,-0.225147473507269,-0.232128790515246,0.717131474103586,-0.0541052068118244,-0.00698131700797733,89
0.800402966140353,-0.577268825417169,-0.161603821103361,0.793622094455562,-0.585108670514041,-0.166768746716102,5.65835743496562,5.64788545945365,-0.162315620435473,-0.167551608191456,0.721115537848606,-0.0104719755119653,-0.00523598775598297,168
-0.91630571800345,0.387062689412226,-0.102792536787247,-0.933050026499021,0.352570224925576,-0.0714974443326859,2.74191225488309,2.78030949842697,-0.102974425867665,-0.0715584993317675,0.729083665338645,0.0383972435438751,0.0314159265358979,488
0.937605245731252,0.299228003240312,-0.177084740319583,0.931712196384703,0.318996384777235,-0.17364817766693,0.308923277602996,0.329867228626928,-0.178023583703422,-0.174532925199433,0.733067729083665,0.020943951023932,0.00349065850398866,34
-0.775870406808662,-0.58678618002184,-0.231747903494157,-0.768281519803691,-0.602409661149667,-0.216439613938103,3.78910980607969,3.80656309859963,-0.23387411976724,-0.218166156499291,0.737051792828685,0.0174532925199431,0.015707963267949,262
-0.654507366456533,0.732026652994678,0.189095442989891,-0.698897070979497,0.691616293492917,0.182235525492147,2.30034395412853,2.36143047794833,0.190240888467382,0.183259571459405,0.741035856573705,0.0610865238198013,-0.0069813170079773,221
-0.499485284895358,-0.865133891071774,0.0453629881292538,-0.486261309189433,-0.873639143293686,0.0174524064372835,4.18879020478639,4.20449816805434,0.0453785605518526,0.0174532925199433,0.752988047808765,0.0157079632679498,-0.0279252680319093,65
-0.761002482481887,-0.61844994155784,-0.195946144242518,-0.75001616504073,-0.633812800137433,-0.189095442989891,3.82401639111958,3.84321501289151,-0.197222205475359,-0.190240888467382,0.756972111553785,0.0191986217719373,0.00698131700797733,238
-0.808171445116808,0.561693786723474,0.177084740319583,-0.808426549228508,0.563966172280117,0.168489379565003,2.53421807389577,2.53247274464377,0.178023583703422,0.16929693744345,0.764940239043825,-0.00174532925199422,-0.00872664625997166,178
-0.0572693399445739,-0.993231014166385,0.101056297182946,-0.0398894348497925,-0.993160215653415,0.109734311091045,4.65479311506888,4.67224640758882,0.101229096615671,0.109955742875643,0.772908366533865,0.0174532925199431,0.00872664625997163,30
-0.952746440886335,-0.26243009216722,0.152985836284038,-0.957403688955451,-0.2369334593808,0.165047605860678,3.41037335839692,3.38419341961701,0.153588974175501,0.165806278939461,0.780876494023904,-0.0261799387799146,0.0122173047639603,174
0.450773433786596,-0.880888527922125,-0.144356201000973,0.464314822992556,-0.873249175854698,-0.147809411129611,5.18537320767515,5.2010811709431,-0.144862327915529,-0.148352986419518,0.780876494023904,0.015707963267948,-0.00349065850398864,87
-0.830289922301388,0.524887500202548,0.187381314585725,-0.818781399132115,0.535795534098754,0.20620418539663,2.57785130519562,2.56214334192768,0.188495559215388,0.207694180987325,0.784860557768924,-0.0157079632679489,0.0191986217719376,390
0.979682576047286,0.155166476502949,-0.12706460860135,0.979238529921875,0.155096146505898,-0.130526192220052,0.15707963267949,0.15707963267949,-0.127409035395586,-0.130899693899575,0.788844621513944,0,-0.00349065850398866,39
0.521328150152788,-0.844102209701282,-0.125333233564304,0.681209381901167,-0.720358723938541,-0.130526192220052,5.26565835326689,5.46986187575023,-0.125663706143592,-0.130899693899575,0.792828685258964,0.204203522483336,-0.00523598775598297,9
-0.95019450853455,-0.259943802441793,0.17192910027941,-0.952225789983387,-0.262286681015434,0.156434465040231,3.40862802914493,3.41037335839692,0.172787595947439,0.15707963267949,0.796812749003984,0.00174532925199467,-0.015707963267949,109
0.472744011289238,-0.870686156539192,0.135715572434304,0.453755164057576,-0.875382451394716,0.166768746716102,5.20980781720307,5.19060919543114,0.136135681655558,0.167551608191456,0.800796812749004,-0.0191986217719382,0.0314159265358979,57
0.65584557384691,-0.741298570439365,-0.142628933705512,0.625087006445107,-0.766432392553324,-0.147809411129611,5.43670061996234,5.39655804716647,-0.143116998663535,-0.148352986419518,0.804780876494024,-0.0401425727958706,-0.005235987755983,122
-0.0804871523710114,-0.978984198670914,-0.187381314585725,0.0618742738940667,-0.983463421090856,-0.170209499166033,4.63035850554096,4.77522083345649,-0.188495559215388,-0.171042266695444,0.808764940239044,0.144862327915528,0.0174532925199433,60
-0.604144089239711,0.773269171661277,-0.192521966525907,-0.652918710910675,0.73024983845966,-0.201077921145965,2.23402144255274,2.30034395412853,-0.193731546971371,-0.202458193231342,0.812749003984064,0.0663225115757848,-0.00872664625997166,76
-0.659319807813801,0.71952131119056,-0.218143241396543,-0.661043729652925,0.716366228396933,-0.223250116010951,2.31256125889249,2.31605191739648,-0.219911485751285,-0.225147473507269,0.816733067729084,0.00349065850398844,-0.00523598775598302,25
-0.238582725456799,0.935997321046286,-0.258819045102521,-0.22496150949297,0.94428957785956,-0.240228042477264,1.82037840983009,1.80467044656214,-0.261799387799149,-0.242600766027212,0.820717131474104,-0.0157079632679489,0.0191986217719376,685
0.959290596735193,-0.282334576380735,0.00698126029796155,0.979356307074843,-0.192142068402429,0.0627905195293134,5.99695130985252,6.08945376020822,0.00698131700797732,0.0628318530717959,0.824701195219124,0.0925024503556982,0.0558505360638185,58
0.541304750319344,-0.830359810273756,-0.132256390257122,0.743693765444731,-0.655654250640664,-0.130526192220052,5.29009296279481,5.56061899685393,-0.132645023151569,-0.130899693899575,0.828685258964143,0.27052603405912,0.00174532925199433,101
-0.776647036626324,-0.409479530185477,0.478691857940607,-0.764712912299468,-0.408318668539149,0.49848773975383,3.62679418564422,3.6320301734002,0.499164166070378,0.521853446346304,0.832669322709163,0.00523598775598266,0.0226892802759263,28
-0.795709946063983,-0.603976722269028,-0.0453629881292538,-0.753149095161675,-0.657013831363674,-0.0331551783885263,3.79085513533168,3.85892297615946,-0.0453785605518526,-0.0331612557878923,0.836653386454183,0.0680678408277791,0.0122173047639603,95
-0.231245151243964,0.941461611782161,-0.245307385878803,-0.22815738741095,0.943089604968305,-0.241921895599668,1.81165176357011,1.80816110506613,-0.247836753783195,-0.244346095279206,0.840637450199203,-0.00349065850398844,0.00349065850398864,151
0.122337803782842,0.982186565289721,0.142628933705512,0.0620845268538652,0.986805296188921,0.14953534344371,1.4468779499033,1.5079644737231,0.143116998663535,0.150098315671512,0.844621513944223,0.0610865238198013,0.00698131700797733,40
0.759269835317389,-0.628122634181219,0.170209499166033,0.801731626882654,-0.578227085766684,0.151260820247219,5.59203492338983,5.65835743496562,0.171042266695444,0.151843644923507,0.848605577689243,0.0663225115757848,-0.0191986217719377,12
-0.307104841430741,0.934064681710213,-0.182235525492147,-0.30853300525173,0.932917623695469,-0.185666615385577,1.88844625065786,1.89019157990986,-0.183259571459405,-0.186750229963393,0.856573705179283,0.00174532925199422,-0.00349065850398864,36
-0.657041882809781,-0.72461623847046,-0.207911690817759,-0.651493727433644,-0.726101624806244,-0.219846204352837,3.97586003604308,3.98109602379907,-0.20943951023932,-0.22165681500328,0.864541832669323,0.00523598775598311,-0.0122173047639603,49
-0.0188698447479173,0.982754206079499,0.18395135061272,-0.0722125721300331,0.983348122256358,0.166768746716102,1.58999494856683,1.64410015537866,0.185004900711399,0.167551608191456,0.868525896414343,0.0541052068118244,-0.0174532925199433,48
-0.617285499007635,0.756866799365218,0.214735327167063,-0.640194592074504,0.739060851597956,0.209618562903822,2.25496539357667,2.28463599086058,0.216420827247297,0.211184839491314,0.880478087649402,0.0296705972839035,-0.00523598775598297,74
-0.248003763421571,0.958959399606355,0.137444546037147,-0.251349645483152,0.958087862609759,0.137444546037147,1.82386906833407,1.82735972683806,0.137881010907552,0.137881010907552,0.884462151394422,0.00349065850398844,0,32
0.583894074169956,-0.794875460653345,0.165047605860678,0.618212666154708,-0.771655545218888,0.14953534344371,5.34594349885863,5.38783140090649,0.165806278939461,0.150098315671512,0.888446215139442,0.041887902047864,-0.015707963267949,87
-0.722731720976835,-0.662261606382336,-0.197657340379126,-0.731530129671078,-0.654063423368417,-0.192521966525907,3.88335758568738,3.87114028092342,-0.198967534727354,-0.193731546971371,0.892430278884462,-0.01221730476396,0.005235987755983,92
-0.972275347542666,0.220895539303229,-0.0767190281268186,-0.973237146338836,0.21042131916946,-0.0923705874465616,2.91819050933452,2.92866248484649,-0.0767944870877505,-0.0925024503556995,0.896414342629482,0.0104719755119662,-0.015707963267949,21
0.919423951779439,0.373339352120627,-0.123601476740493,0.922787199577842,0.367221627086398,-0.116670737099333,0.385717764690747,0.378736447682769,-0.123918376891597,-0.11693705988362,0.904382470119522,-0.00698131700797733,0.0069813170079773,35
0.90583171702781,-0.399519390349105,-0.140901231937583,0.889152083035621,-0.433668447087692,-0.146083028562412,5.86779694520494,5.82939970166106,-0.141371669411541,-0.146607657167524,0.912350597609562,-0.0383972435438755,-0.005235987755983,215
0.673660601123919,-0.737752494769914,-0.043619387365336,0.688544264242271,-0.723042706732713,-0.0558215049931638,5.45240858323029,5.47335253425422,-0.0436332312998582,-0.0558505360638185,0.916334661354582,0.0209439510239324,-0.0122173047639603,170
-0.568191333743488,0.805462561037195,-0.168489379565003,-0.590744476170823,0.786797770550442,-0.17880221511635,2.1851522234969,2.2148228207808,-0.16929693744345,-0.179768912955416,0.920318725099602,0.029670597283904,-0.010471975511966,180
0.895859764831536,-0.408266816108978,-0.175366726091987,0.891702671428019,-0.415807784484155,-0.17880221511635,5.85557964044098,5.846852994181,-0.176278254451427,-0.179768912955416,0.924302788844621,-0.0087266462599711,-0.00349065850398866,123
0.820593879961137,-0.55558382471719,0.133986185418292,0.858812418824199,-0.495835581191546,0.128795596577563,5.68802803224952,5.75958653158129,0.134390352403563,0.12915436464758,0.936254980079681,0.0715584993317675,-0.00523598775598297,239
-0.684674538865862,0.711482116142876,-0.158158067254484,-0.684674538865862,0.711482116142876,-0.158158067254484,2.33699586842041,2.33699586842041,-0.158824961931484,-0.158824961931484,0.940239043824701,0,0,173
-0.879218922217721,0.457692401128164,-0.132256390257122,-0.879218922217721,0.457692401128164,-0.132256390257122,2.66162710929135,2.66162710929135,-0.132645023151569,-0.132645023151569,0.944223107569721,0,0,141
-0.85056317576727,0.521225784472987,0.0697564737441253,-0.873736997736832,0.482328735867008,0.0627905195293134,2.59181393921158,2.63719249976343,0.0698131700797732,0.0628318530717959,0.960159362549801,0.0453785605518524,-0.00698131700797731,235
-0.0488479097460635,0.998768105864237,0.00872653549837393,-0.0610425887679853,0.998037504243543,0.0139621803391453,1.61966554585074,1.6318828506147,0.00872664625997165,0.0139626340159546,0.960159362549801,0.0122173047639604,0.00523598775598299,22
0.906575406799101,0.409334491788669,0.102792536787247,0.843846620673588,0.519137904777329,0.135715572434304,0.424115008234622,0.551524043630208,0.102974425867665,0.136135681655558,0.964143426294821,0.127409035395586,0.0331612557878923,28
0.471110280029344,0.871300235748457,0.137444546037147,0.40249275133258,0.89978381520148,0.168489379565003,1.07512281922851,1.15017197706426,0.137881010907552,0.16929693744345,0.972111553784861,0.0750491578357564,0.0314159265358979,288
0.995193047859985,0.060868614362663,0.0767190281268186,0.9925478092011,0.0885825320554146,0.0836778433323155,0.0610865238198015,0.0890117918517108,0.0767944870877505,0.0837758040957278,0.97609561752988,0.0279252680319093,0.00698131700797731,11
-0.572188780223718,0.784666674073584,0.238533457578581,-0.524320345238206,0.819856874087772,0.230049737188104,2.20086018676485,2.13977366294505,0.240855436775218,0.232128790515246,0.98406374501992,-0.0610865238198013,-0.00872664625997166,80
-0.991889161401461,-0.109505582898092,0.064532308252958,-0.98228741620096,-0.173203774286635,0.0714974443326859,3.25154839646544,3.31612557878923,0.0645771823237902,0.0715584993317675,0.99203187250996,0.0645771823237902,0.0069813170079773,64
-0.941394569445847,0.28601753877578,0.17880221511635,-0.942086880033153,0.282639609162281,0.18051914525056,2.84663201000275,2.85012266850674,0.179768912955416,0.18151424220741,0.99601593625498,0.00349065850398844,0.00174532925199433,66
-0.691539681873376,-0.718616055258971,0.0732381971276317,-0.683887865837861,-0.725724174520347,0.0749787268263277,3.94618943875918,3.95666141427114,0.0733038285837618,0.0750491578357562,1,0.0104719755119658,0.00174532925199432,20
