"","V1","V2","V3","V4"
"1",-0.8,1.35348756812771,-0.610411543339486,-0.677736191179259
"2",-0.8,1.4223009760659,-0.615891648156316,-0.802257779176562
"3",-0.8,1.00355215532999,-0.0817502671182659,-0.02082840112818
"4",-0.8,1.16874078679605,-0.455635833447574,-0.397933429104894
"5",-0.8,1.29256577045095,-0.535108373165392,-0.619988144975158
"6",-0.8,1.32460552397181,-0.645219723345989,-0.581610954798786
"7",-0.8,1.13579494479645,-0.338780493786493,-0.418638189436839
"8",-0.8,1.38054390831751,-0.631476030066514,-0.712137280476189
"9",-0.8,1.34164887193808,-0.671431960850164,-0.590932159830234
"10",-0.8,1.37535164315329,-0.576710998668453,-0.747660729435007
"11",-0.8,1.31849760707695,-0.681337336456537,-0.523655777985836
"12",-0.8,1.33337085665768,-0.617009746374591,-0.630219655566847
"13",-0.8,1.41447111330227,-0.601228471001426,-0.799532898650115
"14",-0.8,1.44264039330818,-0.733749927987657,-0.736764784434287
"15",-0.8,1.42628049817231,-0.763053055333197,-0.672328858679525
"16",-0.8,1.39134299648669,-0.76701183526436,-0.589515206281374
"17",-0.8,1.27432158471684,-0.570560054443019,-0.546220400158419
"18",-0.8,1.33926399429337,-0.584146199106703,-0.672607808815676
"19",-0.8,1.38797874907853,-0.714754245951427,-0.644679281339187
"20",-0.8,1.31969351396682,-0.634057590394139,-0.582719437525178
"21",-0.8,1.28847661729768,-0.517061600831666,-0.626752977071724
"22",-0.8,1.43132723822898,-0.690251761692399,-0.756472186122349
"23",-0.8,1.31211656236412,-0.61314863671424,-0.587961412446187
"24",-0.8,1.32040761183929,-0.634694443594142,-0.583643062730872
"25",-0.8,1.31384748984886,-0.590306733206884,-0.614600022219948
"26",-0.8,1.32487857602106,-0.680420095640921,-0.540677107567527
"27",-0.8,1.33077854744428,-0.671405073227879,-0.565850483769153
"28",-0.8,1.28050478865158,-0.60389036117797,-0.524412953154259
"29",-0.8,1.35132269793183,-0.712421832791559,-0.564382995941292
"30",-0.8,1.33918276357534,-0.563524216556027,-0.689819492050064
"31",-0.8,1.33355671673996,-0.653903471842261,-0.592270011291216
"32",-0.8,1.3245019076102,-0.617149391482262,-0.611090772190298
"33",-0.8,1.2652767946617,-0.48549277408898,-0.604336109641616
"34",-0.8,1.37185962530473,-0.657360863268254,-0.670727610125331
"35",-0.8,1.30546905632362,-0.56268953596696,-0.622599343985971
"36",-0.8,1.38038742187616,-0.633278837824512,-0.710230489374791
"37",-0.8,1.38643778149999,-0.62365179169028,-0.730252124058623
"38",-0.8,1.31784114285468,-0.631892811230665,-0.580875849829845
"39",-0.8,1.44084573351749,-0.818807700329413,-0.636859778661523
"40",-0.8,1.27864608284799,-0.541304396838186,-0.584743837202373
"41",-0.8,1.27648962044545,-0.469927195817584,-0.639213721486014
"42",-0.8,1.36842153266306,-0.681396669992243,-0.638964841896173
"43",-0.8,1.32902733087879,-0.530011165815441,-0.696707837141055
"44",-0.8,1.3569781862566,-0.647076147127787,-0.650140183187074
"45",-0.8,1.34700353161424,-0.621664348510758,-0.654180366544222
"46",-0.8,1.35455811449703,-0.59525612610659,-0.69317950769071
"47",-0.8,1.3087034858407,-0.552661746822029,-0.638176940551148
"48",-0.8,1.40337777396946,-0.694386663161982,-0.698066141919402
"49",-0.8,1.33795745889238,-0.635875487078604,-0.621121990222786
"50",-0.8,1.46927819668777,-0.852655322609449,-0.657082430207845
"51",-0.8,1.35249326952139,-0.657313236619884,-0.630220083038411
"52",-0.8,1.29910058618371,-0.56996562937006,-0.602330070940888
"53",-0.8,1.22680575333001,-0.436543816404518,-0.560786815788837
"54",-0.8,1.29853503585974,-0.525244022259044,-0.6405559744756
"55",-0.8,1.27146697727166,-0.625469318071891,-0.474780377061866
"56",-0.8,1.32976136693075,-0.690720338984382,-0.539602359422969
"57",-0.8,1.26126410609983,-0.443335395663608,-0.627886034474084
"58",-0.8,1.39632619367002,-0.754237831531477,-0.617132184070559
"59",-0.8,1.25862318946937,-0.581190773121914,-0.496336194839738
"60",-0.8,1.2990953552855,-0.637260832975983,-0.530610377658701
"61",-0.8,1.44679827276867,-0.761832932704458,-0.716125564920937
"62",-0.8,1.34854447251361,-0.607705925152932,-0.670272857037362
"63",-0.8,1.32673962192223,-0.608019387243071,-0.62494035644603
"64",-0.8,1.27010248166604,-0.563206545117233,-0.544020864922782
"65",-0.8,1.43367782937092,-0.712513102586503,-0.74010620661651
"66",-0.8,1.39683889017408,-0.663411265247775,-0.714873679921911
"67",-0.8,1.25601118586408,-0.518923999854411,-0.55523146649914
"68",-0.8,1.42328099552432,-0.732357403240179,-0.69955802199675
"69",-0.8,1.32829798437737,-0.462348920053525,-0.742030330529909
"70",-0.8,1.31547442939567,-0.667990966786233,-0.533161366460346
"71",-0.8,1.30673437786899,-0.705772930645823,-0.457645391839865
"72",-0.8,1.47082058816148,-0.742991880261164,-0.781841587807693
"73",-0.8,1.4222005815851,-0.671190768555304,-0.756410897903465
"74",-0.8,1.40760349770633,-0.662210043892815,-0.736766899719703
"75",-0.8,1.31657472311112,-0.559801162897869,-0.648067635014519
"76",-0.8,1.27139800174683,-0.598615693411032,-0.50804737027944
"77",-0.8,1.29367470893771,-0.525902803385294,-0.630095622851451
"78",-0.8,1.35290620068937,-0.60035695079234,-0.685512012658478
"79",-0.8,1.31054379860592,-0.610835027795791,-0.586860815596131
"80",-0.8,1.36487564894208,-0.636498421404776,-0.676576157298129
"81",-0.8,1.41424631072947,-0.648539817700009,-0.761241572872612
"82",-0.8,1.38285290279893,-0.738249048135831,-0.606028459485176
"83",-0.8,1.23999355856817,-0.568311699485592,-0.463255693454872
"84",-0.8,1.30568591422378,-0.528954767269773,-0.651937543622834
"85",-0.8,1.45633121403627,-0.689182224907309,-0.803696749930083
"86",-0.8,1.30846785764965,-0.607521772830276,-0.585666654368693
"87",-0.8,1.38809582825382,-0.722272172776022,-0.636500539551271
"88",-0.8,1.30397949031705,-0.573702672652063,-0.609284625244555
"89",-0.8,1.45357970857848,-0.692218523320863,-0.796070025288335
"90",-0.8,1.34221393330894,-0.621112924920129,-0.64479219696412
"91",-0.8,1.38234274396358,-0.590119209034605,-0.750087182210938
"92",-0.8,1.37730663589427,-0.68846676464586,-0.650374571502026
"93",-0.8,1.4406017355082,-0.725012125004072,-0.741411342607002
"94",-0.8,1.22088314520487,-0.432125172584806,-0.551201859089661
"95",-0.8,1.24349765852236,-0.468692098622441,-0.57150165655008
"96",-0.8,1.38509863775156,-0.635745048226481,-0.717165580571697
"97",-0.8,1.35324700068072,-0.599477957569291,-0.686952417012934
"98",-0.8,1.28431502852775,-0.543426990400008,-0.595106879986304
"99",-0.8,1.38572875335523,-0.722851741433216,-0.630658019676605
"100",-0.8,1.32963212025901,-0.565495241840123,-0.669430135772705
"101",-0.8,1.36188410367227,-0.707128990462207,-0.595564356457919
"102",-0.8,1.26439357204629,-0.533207108298678,-0.560697141683214
"103",-0.8,1.28242471798623,-0.546491038991253,-0.588184241207064
"104",-0.8,1.34278183951117,-0.670738649948386,-0.594283376838368
"105",-0.8,1.25860974119416,-0.558327488113339,-0.521889736099382
"106",-0.8,1.37330517722137,-0.604345325389068,-0.721618900433882
"107",-0.8,1.38268181268971,-0.680233280598796,-0.67014302884436
"108",-0.8,1.35954017231209,-0.685671979593009,-0.614982452214193
"109",-0.8,1.36004250551498,-0.635288408664901,-0.667925336114363
"110",-0.8,1.31753263921356,-0.61179096606671,-0.601335238641642
"111",-0.8,1.44351724016338,-0.758114859175123,-0.713445080540035
"112",-0.8,1.29045761122201,-0.566524663621702,-0.586796942620817
"113",-0.8,1.31852666123844,-0.639884479495801,-0.573637872962526
"114",-0.8,1.28743732713957,-0.554068622261713,-0.592032797349346
"115",-0.8,1.44709464830945,-0.768776422914334,-0.709271268794169
"116",-0.8,1.32508681169633,-0.622167189224892,-0.607258632860446
"117",-0.8,1.3665043665467,-0.637422804678941,-0.678989213365293
"118",-0.8,1.4427917893806,-0.802889715543586,-0.661072047645653
"119",-0.8,1.29762907762624,-0.56753832394222,-0.601449477477519
"120",-0.8,1.45003306406855,-0.661216808417951,-0.815713319222882
"121",-0.8,1.27929916665953,-0.559515609465009,-0.568813361816309
"122",-0.8,1.37574378263822,-0.576095751319745,-0.748855554014961
"123",-0.8,1.35894641107516,-0.615205007370392,-0.684293904021107
"124",-0.8,1.26804442483731,-0.555913902451217,-0.546714181654775
"125",-0.8,1.28780235240221,-0.553789149654414,-0.593087241961684
"126",-0.8,1.49285691511849,-0.903681248835473,-0.641858216057303
"127",-0.8,1.30906756863328,-0.588923739333836,-0.605662223105009
"128",-0.8,1.46066484699297,-0.754318081593822,-0.751362779901695
"129",-0.8,1.34112119827986,-0.536594311726214,-0.714613611050538
"130",-0.8,1.39552597379927,-0.6886589396754,-0.687925583441668
"131",-0.8,1.3333139428425,-0.670404066938545,-0.572961130627966
"132",-0.8,1.27631326394125,-0.505754007017736,-0.610891505995834
"133",-0.8,1.27611568783929,-0.505702131721151,-0.610521582519587
"134",-0.8,1.24033163538511,-0.469915557382225,-0.563561828610888
"135",-0.8,1.31305529550873,-0.531016546676073,-0.664932805792986
"136",-0.8,1.33730015545952,-0.662194906410877,-0.591497769831414
"137",-0.8,1.34212986667144,-0.688852795168939,-0.571659344014799
"138",-0.8,1.34692471824215,-0.53614947983324,-0.725775400441647
"139",-0.8,1.28432924337877,-0.596608116502934,-0.541812108318645
"140",-0.8,1.27183410925976,-0.545734064239785,-0.565452325669355
"141",-0.8,1.29971565732933,-0.613914095910133,-0.558900950750533
"142",-0.8,1.33873685025227,-0.621139518629308,-0.637496707929015
"143",-0.8,1.29163569030724,-0.539554337862166,-0.614169254334319
"144",-0.8,1.35943499745987,-0.659309136365443,-0.642942435233332
"145",-0.8,1.3860721896647,-0.662085132535065,-0.694866456405769
"146",-0.8,1.33151980292205,-0.594954182536684,-0.647282400699792
"147",-0.8,1.30155872513891,-0.552117679026884,-0.623875935977002
"148",-0.8,1.40086319303824,-0.665061571642995,-0.721187071107806
"149",-0.8,1.32048970629435,-0.629108542199841,-0.589843628905604
"150",-0.8,1.43613222277766,-0.718568441826241,-0.739009577550738
"151",-0.8,1.34729180914752,-0.588389633954816,-0.684830532066514
"152",-0.8,1.29388754936226,-0.600623019092154,-0.559818702198583
"153",-0.8,1.2630116432471,-0.467431969965481,-0.613763606311028
"154",-0.8,1.25931010083394,-0.534414252831932,-0.54796289694875
"155",-0.8,1.38344623711921,-0.665319369180097,-0.68649372028671
"156",-0.8,1.45026241788539,-0.734720627462038,-0.750630854889777
"157",-0.8,1.36051925760126,-0.723803865225219,-0.571944590838065
"158",-0.8,1.28116283285867,-0.566880740452372,-0.565707018166307
"159",-0.8,1.31542269459804,-0.573286230682229,-0.633782110171726
"160",-0.8,1.33250893347624,-0.59131801493708,-0.652627813539119
"161",-0.8,1.45282447694953,-0.715434519810599,-0.773855547687714
"162",-0.8,1.28771758993346,-0.52105479474036,-0.621866940994716
"163",-0.8,1.50189294953383,-0.810530933681158,-0.773771308207657
"164",-0.8,1.27936665910686,-0.613238590455133,-0.510605013303686
"165",-0.8,1.43768863960822,-0.770235270085551,-0.688248685559782
"166",-0.8,1.3958947924676,-0.690187107304876,-0.687141927514456
"167",-0.8,1.37047354545625,-0.619839613519118,-0.702848911436802
"168",-0.8,1.33329977132234,-0.557847273244173,-0.683004172712183
"169",-0.8,1.30384502318996,-0.654717023867229,-0.520919824114685
"170",-0.8,1.31916993272828,-0.574938422922726,-0.640043062036806
"171",-0.8,1.33332606928152,-0.587355469050324,-0.657854056765171
"172",-0.8,1.28826329401357,-0.652853622609295,-0.483119511248105
"173",-0.8,1.25243751210722,-0.426432112794285,-0.621896595030982
"174",-0.8,1.44291249351401,-0.796070624273869,-0.669528210837322
"175",-0.8,1.37817954587191,-0.655695883155948,-0.685158207622188
"176",-0.8,1.38892099664025,-0.622299871814945,-0.736100811334463
"177",-0.8,1.29323656966068,-0.64543003240091,-0.505846714314405
"178",-0.8,1.29368369359415,-0.614618905980531,-0.543931153256274
"179",-0.8,1.35175154595081,-0.633937376796184,-0.652192950192799
"180",-0.8,1.36153557938991,-0.619141392201352,-0.685888526225364
"181",-0.8,1.43047158517174,-0.784360399363822,-0.656527013833829
"182",-0.8,1.27495315830458,-0.471898791361451,-0.63467872705994
"183",-0.8,1.46452587510557,-0.742448194834907,-0.770458770370046
"184",-0.8,1.21785205686422,-0.541578990165507,-0.435724488432441
"185",-0.8,1.24799538123291,-0.473958894570168,-0.576936251102757
"186",-0.8,1.33017291545544,-0.609674491728916,-0.630600506776128
"187",-0.8,1.21707050969556,-0.552086910698929,-0.42007221832146
"188",-0.8,1.38162411744758,-0.572862113325811,-0.762046062274901
"189",-0.8,1.35990461983312,-0.638745646055695,-0.664337696272273
"190",-0.8,1.36500506165941,-0.639679145195658,-0.67383188523368
"191",-0.8,1.4186865938934,-0.796901865511948,-0.614507175252194
"192",-0.8,1.26090890419562,-0.46729198241689,-0.609532171299186
"193",-0.8,1.35149171022682,-0.620245726338295,-0.664699241590426
"194",-0.8,1.27926676734701,-0.613233609717276,-0.510360658702823
"195",-0.8,1.36648230915586,-0.636350331938774,-0.679950113079891
"196",-0.8,1.36742737792952,-0.528573603539229,-0.768418882871025
"197",-0.8,1.29844915217021,-0.552752693903759,-0.616793855476582
"198",-0.8,1.37564955818667,-0.637735500071231,-0.696925490198261
"199",-0.8,1.31026045533053,-0.670665551164094,-0.51671092429398
"200",-0.8,1.40657845246959,-0.781796886267783,-0.606016973007976
"201",-0.45,1.12204115602523,-0.375976141657174,-0.342955240110177
"202",-0.45,1.18351235494527,-0.422673946898498,-0.471219936888643
"203",-0.45,1.05364473335596,-0.197188788781557,-0.266990272683511
"204",-0.45,1.05580047239518,-0.21942118815835,-0.258009650395236
"205",-0.45,1.09767845666778,-0.267487019916825,-0.365169396867511
"206",-0.45,1.12385164290702,-0.319043904664507,-0.401563820782233
"207",-0.45,1.10481613631347,-0.361295653784081,-0.300140209927557
"208",-0.45,1.16890060249799,-0.397825001735806,-0.456140204886689
"209",-0.45,1.10133904018011,-0.268686804008358,-0.375173403610421
"210",-0.45,1.08890401096585,-0.320758432454803,-0.287795019252696
"211",-0.45,1.10068104823756,-0.320984919920749,-0.329343970846288
"212",-0.45,1.03278573436861,-0.158556151957236,-0.20373099860313
"213",-0.45,1.07247305696383,-0.189708673298506,-0.337948335087864
"214",-0.45,1.10458637283371,-0.411175342507267,-0.225933381252003
"215",-0.45,1.1346547950592,-0.379704854320059,-0.378504593838208
"216",-0.45,1.07717771251721,-0.315396515936091,-0.246651296528474
"217",-0.45,1.0845704173712,-0.229348286282613,-0.351699237724473
"218",-0.45,1.10216651612351,-0.36309244929921,-0.287984205340728
"219",-0.45,1.1461641795432,-0.372536166779569,-0.418221389827349
"220",-0.45,1.13457748239269,-0.32912066161737,-0.423019684706382
"221",-0.45,1.12967010014702,-0.373424898955646,-0.369740963386716
"222",-0.45,1.07608644211252,-0.252284879365755,-0.307106448225676
"223",-0.45,1.07619447831579,-0.237426838050897,-0.319097244943524
"224",-0.45,1.06277763636723,-0.254138403499533,-0.254774363366927
"225",-0.45,1.11087643234802,-0.355732583621684,-0.327873110968411
"226",-0.45,1.07294109844012,-0.20236263488169,-0.332042112879733
"227",-0.45,1.16711172657433,-0.449530119302226,-0.400090557433501
"228",-0.45,1.06766281969297,-0.222279891548575,-0.300824776851727
"229",-0.45,1.09155537075187,-0.289537640753976,-0.328117482015006
"230",-0.45,1.12343067473497,-0.38900409288728,-0.332824723619526
"231",-0.45,1.11514127289029,-0.298471289280959,-0.393007567329606
"232",-0.45,1.11635360429539,-0.357431203538149,-0.344221301724033
"233",-0.45,1.14421736303699,-0.368041924481861,-0.416867503769506
"234",-0.45,1.11522618314848,-0.389326799532418,-0.303568909385961
"235",-0.45,1.11275515028559,-0.401140646027066,-0.278047130163369
"236",-0.45,1.04666697299514,-0.218492830386638,-0.218569520813043
"237",-0.45,1.09979753838982,-0.355660740961457,-0.288201427454909
"238",-0.45,1.12047011190273,-0.332914323713631,-0.380291105251765
"239",-0.45,1.09436008090349,-0.308347408696384,-0.320227828624108
"240",-0.45,1.11119091529198,-0.338532430124208,-0.346613681180674
"241",-0.45,1.0986832880861,-0.322452118731316,-0.321137974467926
"242",-0.45,1.10663987489564,-0.180088377231455,-0.438429001202217
"243",-0.45,1.10095349393026,-0.361771621274794,-0.284991034661528
"244",-0.45,1.07101483872056,-0.214418979598711,-0.317957993998375
"245",-0.45,1.08025492165332,-0.335136004072125,-0.233740357086205
"246",-0.45,1.09529918028268,-0.208282953208584,-0.395346058195379
"247",-0.45,1.06297705874114,-0.148682395063081,-0.328350076607694
"248",-0.45,1.11577530229272,-0.375200939659082,-0.322767377665949
"249",-0.45,1.10050819856265,-0.305245991003372,-0.343428566196798
"250",-0.45,1.17579681261882,-0.328567300084144,-0.523967245044941
"251",-0.45,1.10144173263755,-0.291136895189356,-0.358347873797375
"252",-0.45,1.11400022085359,-0.33474362508775,-0.359086615630504
"253",-0.45,1.13640041337728,-0.484631717849432,-0.237777201552981
"254",-0.45,1.00025006867469,-0.0144098821803008,-0.0171042444812338
"255",-0.45,1.09098950522198,-0.264367312995121,-0.346940952215576
"256",-0.45,1.09031268649192,-0.351185637362011,-0.25583276263191
"257",-0.45,1.07913498177148,-0.310084188539418,-0.26149589843968
"258",-0.45,1.13237568697826,-0.314665472092303,-0.428089169604191
"259",-0.45,1.12000218693821,-0.284822936737214,-0.416270096757805
"260",-0.45,1.16710887903821,-0.390878425469498,-0.457555670965087
"261",-0.45,1.10555419878353,-0.399557675888294,-0.250207414132032
"262",-0.45,1.04907856513523,-0.138796088893291,-0.285134146559333
"263",-0.45,1.15764990986653,-0.360555619088764,-0.458424431457904
"264",-0.45,1.10429511589443,-0.317483666045677,-0.34448777160081
"265",-0.45,1.13093271743288,-0.431375266428142,-0.304834694341309
"266",-0.45,1.13941184943555,-0.371160583117597,-0.400623494286034
"267",-0.45,1.12567710001166,-0.411124254054744,-0.313250349111683
"268",-0.45,1.09826235285154,-0.367387012107839,-0.266846358463956
"269",-0.45,1.0761257512792,-0.283272753143471,-0.278932213795303
"270",-0.45,1.1538866725723,-0.442413051229884,-0.368408937515692
"271",-0.45,1.1434093757641,-0.338678194770985,-0.438955670850612
"272",-0.45,1.15191065863473,-0.374830669196482,-0.431740819133446
"273",-0.45,1.13071686138487,-0.347713963036571,-0.397008338110728
"274",-0.45,1.05329228282285,-0.251616399431604,-0.214741287579355
"275",-0.45,1.12910713960259,-0.35316042461178,-0.387505673751456
"276",-0.45,1.08118272148958,-0.313046402152292,-0.266379479966303
"277",-0.45,1.10162133814642,-0.424505592987167,-0.182659722385996
"278",-0.45,1.10738813777909,-0.286642836177147,-0.379663498590731
"279",-0.45,1.11323153941604,-0.354953491742591,-0.336589481490966
"280",-0.45,1.14089016277216,-0.270193192093619,-0.478148515062567
"281",-0.45,1.09586850635548,-0.36527481386731,-0.259811650192956
"282",-0.45,1.11563286367159,-0.308585534724424,-0.386538037278229
"283",-0.45,1.13707930749564,-0.260925766450817,-0.474201535148098
"284",-0.45,1.10499385006219,-0.311319792232415,-0.352266086417108
"285",-0.45,1.07832171585645,-0.351387347112557,-0.198254016798649
"286",-0.45,1.12290853143119,-0.376625587469165,-0.34507497275875
"287",-0.45,1.10580443903976,-0.264968728412161,-0.390634138758612
"288",-0.45,1.09736110564371,-0.2562889400645,-0.372179224810026
"289",-0.45,1.11139439082175,-0.37826390341869,-0.303502736924254
"290",-0.45,1.07358890212,-0.162571973580815,-0.355194994561094
"291",-0.45,1.11380176537905,-0.245525636160948,-0.424583954653546
"292",-0.45,1.02404070581074,-0.180262709842323,-0.127140562361716
"293",-0.45,1.06706944711077,-0.256487300582812,-0.269910113921332
"294",-0.45,1.13060537932458,-0.367056722573137,-0.378863941503469
"295",-0.45,1.08416196479708,-0.239678629750035,-0.343454975730178
"296",-0.45,1.14907133249118,-0.415334643267171,-0.384528362094642
"297",-0.45,1.14316423250321,-0.342078117565328,-0.435668479417111
"298",-0.45,1.14804919927609,-0.402719233546236,-0.394758385459253
"299",-0.45,1.13400809250924,-0.351541718566384,-0.40297986796345
"300",-0.45,1.13843200427823,-0.360906796817318,-0.407153180481254
"301",-0.45,1.04882306145327,-0.247563324721141,-0.196830420639749
"302",-0.45,1.11607570855402,-0.264346320778249,-0.419220717421448
"303",-0.45,1.12420998982147,-0.338139061080345,-0.386665328916472
"304",-0.45,1.12556731370507,-0.409451757574152,-0.315041324115861
"305",-0.45,1.11967198397555,-0.344509179628182,-0.36739457923555
"306",-0.45,1.06517854770682,-0.261394495588073,-0.257445637312184
"307",-0.45,1.06588420798221,-0.273558451099605,-0.247537711587245
"308",-0.45,1.12361224336787,-0.417656736232477,-0.296761392579641
"309",-0.45,1.09152203427892,-0.327641627520278,-0.289950539286029
"310",-0.45,1.05396988966113,-0.245299762635141,-0.225123421179233
"311",-0.45,1.10169236990407,-0.330752947054695,-0.322999328048017
"312",-0.45,1.10891944445415,-0.3009382008974,-0.373012779310764
"313",-0.45,1.09322704472176,-0.232882367233972,-0.375381371864109
"314",-0.45,1.08784850902104,-0.178954654132728,-0.389088178108183
"315",-0.45,1.08283677157552,-0.356155869832605,-0.213748614638473
"316",-0.45,1.07780284506891,-0.230853549221923,-0.329189324933669
"317",-0.45,1.12317459217298,-0.409780576114758,-0.305942876926408
"318",-0.45,1.13167578477539,-0.43212204929797,-0.306529959967241
"319",-0.45,1.08932658529889,-0.329756071591128,-0.279093788335989
"320",-0.45,1.07479770269103,-0.226843413825956,-0.322074785280849
"321",-0.45,1.08706283036483,-0.265044834418939,-0.333851513263952
"322",-0.45,1.10579128728912,-0.303142156859879,-0.361772309303605
"323",-0.45,1.14740059529277,-0.378399993029417,-0.416343093317939
"324",-0.45,1.07463253654149,-0.214661304819664,-0.329781158962613
"325",-0.45,1.05136789263002,-0.238626693635542,-0.22007213984931
"326",-0.45,1.08207680742215,-0.186827327213241,-0.368762480422378
"327",-0.45,1.08583589091146,-0.221114811169101,-0.360760061915319
"328",-0.45,1.13543655891249,-0.387476201404719,-0.372932128758038
"329",-0.45,1.11907269884679,-0.343741793312077,-0.36628579665998
"330",-0.45,1.15061286351152,-0.429397377310551,-0.373534274246685
"331",-0.45,1.09753330756047,-0.266641726719856,-0.365351270391236
"332",-0.45,1.11472847312765,-0.364249339121864,-0.331575010745347
"333",-0.45,1.06902275905266,-0.263602986697379,-0.270782430701821
"334",-0.45,1.07383063525812,-0.350397906448644,-0.174165267419392
"335",-0.45,1.17133613445888,-0.491506011496617,-0.361178876115089
"336",-0.45,1.06758894066304,-0.264459697146413,-0.264210550151311
"337",-0.45,1.11570001469421,-0.309431706482499,-0.386055102041144
"338",-0.45,1.08239134529336,-0.27631818305695,-0.308576224097177
"339",-0.45,1.11535132614834,-0.41570886826334,-0.266823382761091
"340",-0.45,1.11439085936843,-0.412397368534493,-0.267946632503056
"341",-0.45,1.11360269062995,-0.352105592247943,-0.340782341804845
"342",-0.45,1.11714754660749,-0.384841740235438,-0.316094093370451
"343",-0.45,1.07462659875738,-0.327481541237243,-0.218124200642077
"344",-0.45,1.07294817565243,-0.330592505054182,-0.204759330038658
"345",-0.45,1.11279345168539,-0.428252531094,-0.234326771252166
"346",-0.45,1.09486661731487,-0.315047155500395,-0.315401647937377
"347",-0.45,1.10675512991101,-0.396793260475699,-0.259734529905845
"348",-0.45,1.06484867167188,-0.215582152653862,-0.29568061995756
"349",-0.45,1.11371721437926,-0.369208328637603,-0.322569750084096
"350",-0.45,1.11247984204102,-0.379517591098749,-0.30590488226608
"351",-0.45,1.11570046235864,-0.334202936431121,-0.364823133844453
"352",-0.45,1.10586877502799,-0.210233044755069,-0.422785778468146
"353",-0.45,1.07962619306096,-0.243948861531681,-0.325701811018464
"354",-0.45,1.10150602988515,-0.252249167802665,-0.386892609410173
"355",-0.45,1.106021191224,-0.327912981004839,-0.34022926435726
"356",-0.45,1.11937895473216,-0.311944914442054,-0.394587904846324
"357",-0.45,1.14684726623607,-0.395431747742705,-0.398613076742733
"358",-0.45,1.07402687722596,-0.309439263957634,-0.240376943414103
"359",-0.45,1.08515157057328,-0.312770846091538,-0.282362052961853
"360",-0.45,1.12884347411775,-0.417446939241056,-0.316268306942881
"361",-0.45,1.18027759624258,-0.469357075628373,-0.415643043668164
"362",-0.45,1.11630441544618,-0.408138545941693,-0.282061119726289
"363",-0.45,1.05073992574925,-0.227661333575595,-0.228527260426669
"364",-0.45,1.07534938842124,-0.256123548194461,-0.301292275437352
"365",-0.45,1.11188541032888,-0.423783756378331,-0.238110254991442
"366",-0.45,1.08238863388458,-0.305478982164098,-0.279727986119587
"367",-0.45,1.12093114275855,-0.41453262623142,-0.290945576690352
"368",-0.45,1.11470708999623,-0.373667145010769,-0.320850060351177
"369",-0.45,1.06244615320118,-0.280893008837322,-0.223362812568054
"370",-0.45,1.091941649128,-0.386995354687108,-0.206327798783809
"371",-0.45,1.0793899028987,-0.305546294989531,-0.267813412841556
"372",-0.45,1.0927386726641,-0.339217827431497,-0.281085524864503
"373",-0.45,1.08467708370493,-0.360277718557905,-0.216158139854469
"374",-0.45,1.12803207086156,-0.281239740798445,-0.439727826146851
"375",-0.45,1.13623692788089,-0.433724708397641,-0.320807159529804
"376",-0.45,1.11656649755413,-0.297714138924907,-0.397601603297193
"377",-0.45,1.06462645113298,-0.162346300070219,-0.327220352828952
"378",-0.45,1.05362028238941,-0.209050620779703,-0.257708240873214
"379",-0.45,1.06484847471023,-0.2447192316148,-0.272056559874173
"380",-0.45,1.11993797460035,-0.319821854795053,-0.389839772403223
"381",-0.45,1.10205854520528,-0.386553563598879,-0.255165396417674
"382",-0.45,1.16993316937253,-0.361035142961032,-0.488259404768765
"383",-0.45,1.11969327047727,-0.299221485696664,-0.405190723548263
"384",-0.45,1.08669380973003,-0.343490082905211,-0.250834604971741
"385",-0.45,1.10420583106659,-0.296477238435827,-0.362452430604258
"386",-0.45,1.15504245471573,-0.359453211702091,-0.45267699388503
"387",-0.45,1.09409841066307,-0.275423982085696,-0.348127795942118
"388",-0.45,1.11278583900018,-0.325324454788127,-0.363945493990726
"389",-0.45,1.07666802567332,-0.269807134186954,-0.293969637631338
"390",-0.45,1.13984100830883,-0.429621342885561,-0.338619293543217
"391",-0.45,1.07324373670271,-0.190262266282748,-0.340077033038909
"392",-0.45,1.14774034680537,-0.469400870667763,-0.311401230410648
"393",-0.45,1.07796439394219,-0.302793580462347,-0.265185373348431
"394",-0.45,1.10221487374234,-0.230547752868291,-0.402150918867798
"395",-0.45,1.13088897457969,-0.328464182833938,-0.41354703894615
"396",-0.45,1.10527834753399,-0.341934090667293,-0.323606710633437
"397",-0.45,1.1429356625175,-0.446380411073988,-0.327179548969251
"398",-0.45,1.01835523447168,-0.124645204203901,-0.146666140076148
"399",-0.45,1.09407605461247,-0.352013264752713,-0.270349911622927
"400",-0.45,1.0851143947729,-0.325592689782552,-0.2673249896727
"401",0,1.00241270665503,-0.0694250924153751,0.00337505653046876
"402",0,1.00224007313648,0.0319144662030813,0.0588781032948278
"403",0,1.00808130875149,-0.127114683627987,0.00835357769276599
"404",0,1.003816683797,0.0617379757451689,0.0619383323967195
"405",0,1.00126870892512,-0.00534228775709729,0.0501047645848174
"406",0,1.00275169038558,-0.0609671307792608,-0.0423551831030338
"407",0,1.00484257653281,-0.0975676687056511,0.0137533136527413
"408",0,1.00215052752947,-0.0635276135582865,-0.0164293074468838
"409",0,1.01299105137204,-0.138719043418228,-0.0831137603105117
"410",0,1.00157029506985,-0.00629625495897149,0.0557082860964256
"411",0,1.00580787617482,-0.0665040544432864,0.0850099671680268
"412",0,1.00057064642066,-0.033237133716772,-0.00607547701445117
"413",0,1.00051173989306,0.0186129834961505,0.0260249593508327
"414",0,1.00304359443304,-0.0124791597730329,-0.077076085166017
"415",0,1.00212097087351,-0.0197236862258202,0.0621081030633557
"416",0,1.00217474492599,0.0226847132682689,0.0619646927806788
"417",0,1.00065164786772,-0.0351370966446167,-0.00831293087780356
"418",0,1.000276744377,-0.0134873535349683,0.0192783981716643
"419",0,1.00236484677188,0.018050438033646,0.0664038231641066
"420",0,1.00167218218346,-0.0318593267713607,0.0482922753433913
"421",0,1.00377099422313,0.0356708218407112,0.0792704315170711
"422",0,1.00177688337724,-0.0248727612015884,0.0542058098290597
"423",0,1.02235139872534,0.18980720074245,-0.0957893993194632
"424",0,1.00410555550156,-0.0893901393958008,-0.0154068026501323
"425",0,1.0114539142155,0.135502307749787,0.0683969675960363
"426",0,1.00403729167468,0.0200465493451064,-0.0876870511123095
"427",0,1.00423223279919,-0.011682503296288,0.091355878352607
"428",0,1.00201565712886,-0.0239160004743442,-0.0588506758899012
"429",0,1.00050741669248,0.00146390060700616,0.0318268416855495
"430",0,1.00012751353428,-0.0159682378308544,-0.000242299058955609
"431",0,1.00982997147902,0.110392075235154,0.0870066722877347
"432",0,1.00572266935786,0.0537091382081476,-0.0927006803277586
"433",0,1.00764610500612,0.0729184904582185,0.100167692812118
"434",0,1.00955734777644,-0.126039115155147,-0.0576210022501173
"435",0,1.00409764252832,-0.0856342761123954,-0.0296453450922493
"436",0,1.00354461325998,0.0390842473272219,-0.0746606483629971
"437",0,1.00301086922245,-0.0061899838637831,0.0774111611987921
"438",0,1.0111221543812,0.149546571247101,-0.00195808802654761
"439",0,1.00245865795258,0.0301304954257539,0.0633680846285713
"440",0,1.00337102547677,0.0249133681440538,-0.0783118053299151
"441",0,1.0027120438349,-0.0709546485487627,-0.0199218648948777
"442",0,1.01326879751867,0.157972693273321,-0.041931899609916
"443",0,1.0027837667966,0.0108778977838215,-0.0738712006846284
"444",0,1.00224317890625,0.0639990937086658,0.0198873243193403
"445",0,1.00166824028435,-0.0550771436408441,-0.0174863330263933
"446",0,1.00140714233748,-0.0493070246053874,-0.0196235075634
"447",0,1.00852177237,-0.110846103866513,0.0694932126322054
"448",0,1.0058436911227,0.0708226692360021,-0.0818882195045834
"449",0,1.00164341370324,0.032948649957531,0.0469458696911746
"450",0,1.00068126060531,-0.0201703764216848,0.0309215336236248
"451",0,1.00900170464602,-0.116745246600235,-0.0667456918072146
"452",0,1.00304451823574,-0.0375322433805922,-0.0684809190182253
"453",0,1.00367719892702,-0.0779561862411891,-0.0359270465348945
"454",0,1.00861321054421,-0.0434446962809486,0.124149775873144
"455",0,1.00428619814808,-0.0687651055148937,0.0621460220307501
"456",0,1.00453477830361,-0.0243005192031304,0.0921933055484523
"457",0,1.00729315158791,0.0606581247383098,0.104690425250495
"458",0,1.00151863435158,0.0550415752691969,0.00316226901732457
"459",0,1.0040881923383,0.0166685057014378,0.0889677408439306
"460",0,1.00534773544028,0.00428171231675397,0.103468527072423
"461",0,1.002178032413,-0.0261615945118929,-0.0606331561423683
"462",0,1.00802397652456,0.0802345347385678,0.0983603410103574
"463",0,1.00295720512683,0.00962286165550722,-0.0763580765170839
"464",0,1.00668145566168,-0.112910549161717,-0.0256663410154301
"465",0,1.00542872787869,-0.0986573696513438,0.0339654273820441
"466",0,1.00685132343296,-0.105114282493285,0.0519670579755553
"467",0,1.01057685653183,0.125876153097773,-0.0736259264054901
"468",0,1.00180294369369,-0.0593544887718499,-0.00928346142165674
"469",0,1.01201781493538,0.111506637241482,0.108380476090818
"470",0,1.00156152492579,0.0316274075472732,0.0460998406017401
"471",0,1.00282125088552,0.0751201754133082,0.00272405460179931
"472",0,1.00221801795544,0.0139067476198081,-0.0651732911948351
"473",0,1.01225211281935,0.150953131312825,0.0432144889370068
"474",0,1.00018967317421,-0.011571369542077,0.0156679842753973
"475",0,1.00006115181883,0.00585944978933263,0.00937945762652425
"476",0,1.00280012984226,0.0740687933770137,0.0110414790375091
"477",0,1.00267086952626,0.0684158224657227,-0.0258485557216043
"478",0,1.0034692029601,-0.0303127923830479,-0.0776632210722986
"479",0,1.00990410276783,0.135951988560122,0.0377273586917074
"480",0,1.00132887853516,0.0247211574478957,0.0452591135896892
"481",0,1.0015853347599,0.00902289330315014,0.0556036887493535
"482",0,1.00364555318863,-0.0843303073620929,-0.0138850889632213
"483",0,1.01211356907409,-0.0532322547908209,-0.146765812619234
"484",0,1.01213974675379,0.112866924415463,0.108110704057514
"485",0,1.00468144294441,0.0518852402551182,0.0818090682047721
"486",0,1.00148207621942,0.0535210028008483,-0.0100921379273807
"487",0,1.00496935753246,-0.039127001750187,-0.0918285756899207
"488",0,1.01769604672528,-0.188854009135843,0.00627747987442524
"489",0,1.00444588741077,-0.0922176999985493,0.0201850574286205
"490",0,1.01745509873806,-0.184962109612066,-0.0316843171919837
"491",0,1.00320141063063,0.0771525723532347,0.0214604489831381
"492",0,1.00585772238907,-0.0923662118985737,0.0567295389477587
"493",0,1.00242545713564,0.0686538458253262,0.0119769180921401
"494",0,1.00285748538607,-0.0342661610916055,0.0674460243373336
"495",0,1.00222654638192,0.0273739367069221,-0.0608992435240642
"496",0,1.00224854811116,0.0530610183058322,0.0410692162974114
"497",0,1.00166802231636,0.0200290723397439,-0.0542002139513193
"498",0,1.00579149820221,-0.107686097375315,-0.00449914302136163
"499",0,1.00354236059793,0.00980516310959281,-0.0836727452092381
"500",0,1.00757167265125,-0.086740311322941,-0.0876173151884243
"501",0,1.00352468993908,-0.0758001857621495,0.0362785770911607
"502",0,1.00224421642631,-0.028374217194465,0.0607319780560281
"503",0,1.00489071804198,-0.0350158251065081,0.0926242257675382
"504",0,1.00162674018296,0.0312813769879678,0.0477242297296144
"505",0,1.00119918612757,-0.0485722986644259,-0.00636726824996378
"506",0,1.00105033379526,-0.0445219769369178,0.010934548972658
"507",0,1.00336636591767,0.0647777202463422,0.0504768383965972
"508",0,1.00223269104066,-0.0436314673647013,-0.0506622349113276
"509",0,1.00566165403627,-0.0763751867482564,0.0743114610820114
"510",0,1.00043920488805,0.0239478667785993,0.0174671793309635
"511",0,1.00211662168965,-0.0398435163059605,0.0514802649085766
"512",0,1.00909427363383,-0.0561983757888808,-0.12293492440829
"513",0,1.00026580258061,0.0137734535149821,0.0184923711434834
"514",0,1.01263099782539,-0.159235298401009,0.00810293156721677
"515",0,1.00589581217392,-0.00877110294464493,0.108394892417376
"516",0,1.00657143703188,0.0741468702883911,0.0876829485981231
"517",0,1.00211079399383,-0.0258160541028902,0.0596621721822669
"518",0,1.00239033096295,0.0205380148064552,-0.0660648587058007
"519",0,1.00232486324879,0.0175781982651264,-0.0659252488236362
"520",0,1.00007094700037,-0.00386714667674262,0.0112669521523526
"521",0,1.00060614116852,-0.00836726054766154,-0.0338029391484885
"522",0,1.00025187432272,0.000174486420986144,0.0224450805434418
"523",0,1.00101215231256,0.0248771896415818,-0.0375027267403773
"524",0,1.00407274441691,-0.0729597287278254,0.0532818361626159
"525",0,1.00208926026321,-0.0509173367883843,-0.0398786954307166
"526",0,1.00074640411284,-0.0207536179648725,-0.0325983540404755
"527",0,1.00551814500755,-0.0955795045306018,0.043946538579321
"528",0,1.00348429159584,0.0456484607596896,-0.069978150231874
"529",0,1.02021687274615,-0.0131278241247293,0.201668360606415
"530",0,1.00386904689002,-0.0485194781260153,0.0734773675783927
"531",0,1.00197620831817,0.0619999888913187,0.010598274064215
"532",0,1.00395572242064,0.0582541249966052,-0.0673316381950114
"533",0,1.00040558008355,-0.000985118720147566,0.0284667209809082
"534",0,1.00770589007413,-0.090649284011936,0.0851696436427171
"535",0,1.01036008876758,-0.0902438841708308,0.112621269501804
"536",0,1.00688100559393,-0.110161696976325,0.0409116113730931
"537",0,1.00005244046509,0.00817121718478893,-0.00617372577184914
"538",0,1.00055609741648,-0.032441734505343,0.00774841529544467
"539",0,1.00102116494548,-0.03048338463528,0.033378674778687
"540",0,1.00206339587352,0.0543724909674615,0.0342736279896118
"541",0,1.00884576483882,-0.0454084580673506,-0.125330958542477
"542",0,1.00921709440425,-0.0984131258430526,-0.0939893626936287
"543",0,1.00018793426663,0.0177391655462912,-0.00782469541051072
"544",0,1.00182095240455,-0.0155457535250069,-0.0583399539260944
"545",0,1.00224937789919,-0.0627676652981112,0.0237494356216128
"546",0,1.00458277837016,-0.0706128747794151,-0.0648103426414222
"547",0,1.00312981008126,-0.0465881992361026,-0.064023086192348
"548",0,1.00239867336313,-0.00248021942298891,0.0692600091811427
"549",0,1.0136692560842,0.120745156517723,0.113780349392221
"550",0,1.00377425592776,-0.0772564709579347,-0.039927366034391
"551",0,1.00345681535868,-0.0264714374647047,-0.0788976760642011
"552",0,1.00355828223398,0.0744039950823633,0.0399158033391538
"553",0,1.00328517426898,0.0734002944030722,-0.0345476148161571
"554",0,1.01113706352984,-0.142034673163143,-0.0471626214621951
"555",0,1.00279616786371,-0.00443795500673577,0.0747024687511056
"556",0,1.00073117110251,-0.0259764762721296,0.0280731098507353
"557",0,1.00283440790274,-0.0229373643724484,0.0717685654676969
"558",0,1.00058784956634,-0.00613426991092079,-0.0337404124524263
"559",0,1.00047863764898,-0.0284203016841775,-0.0122389069829508
"560",0,1.00130843146581,0.0186315512470344,0.0476596288555101
"561",0,1.00024306870497,-0.00925536667439447,0.0200133625373193
"562",0,1.00145625163006,0.0168831771187747,-0.051279452603421
"563",0,1.00240783405367,0.0185825447543703,-0.066904071644499
"564",0,1.00731764157198,-0.111834334656845,-0.0467109474747584
"565",0,1.00778507116436,0.0687477899341406,0.104424571059314
"566",0,1.00231335561755,0.0622982581599042,0.0274041945612202
"567",0,1.01300914546118,0.143300724288486,0.0751826522968649
"568",0,1.01151175872822,0.150112593505844,-0.024944885576231
"569",0,1.00290619505063,-0.071658361260299,0.0261899853457697
"570",0,1.00089850870633,-0.0372409622185615,-0.0202715431972344
"571",0,1.00375267334817,0.0411542698594523,-0.0763266357567101
"572",0,1.01139632087431,0.11980367759788,0.0925721162776152
"573",0,1.00594053426463,0.102523978895689,-0.0374858937202087
"574",0,1.01236103819524,0.145143001668204,0.061712079226773
"575",0,1.00132612822489,0.0173198494374082,0.048518428265095
"576",0,1.00324912666652,-0.0806771812769875,5.0777273153368e-05
"577",0,1.00261575526984,0.0139925561389635,-0.0710109927265132
"578",0,1.00862613476706,-0.130719069846816,-0.0154662378593325
"579",0,1.01042958421433,-0.14397312357295,-0.0154817422852328
"580",0,1.00448923580741,0.0853878899656906,-0.0413223075368316
"581",0,1.01422682971891,-0.0232359325901124,-0.167678721244964
"582",0,1.00024932526861,-0.0213295767003105,-0.00661527460521077
"583",0,1.00194972197046,-0.0620745081191941,-0.00707112427007227
"584",0,1.00390905280601,-0.054051488189283,0.0700843986231922
"585",0,1.00089266720831,0.0274596077651965,-0.0321263320774533
"586",0,1.01684621146602,-0.0640358203109089,0.172845686928852
"587",0,1.01020895896803,-0.132446458003523,-0.054590077318043
"588",0,1.00028623673696,0.0159930416131849,-0.0177982590540538
"589",0,1.00872792079452,-0.0718250995890776,0.111234766415231
"590",0,1.00028309252741,-0.0234706922942159,-0.00392323838515136
"591",0,1.01262536352556,0.157308279305442,0.0257727010075834
"592",0,1.00558191272047,0.083455266764028,0.0650400003067397
"593",0,1.00039053611282,0.0277773316863878,-0.0031055737752934
"594",0,1.00964550979582,-0.133772037973242,-0.0385888236065714
"595",0,1.00052523131017,-0.0128653946358326,-0.0297526487750749
"596",0,1.00346233070457,0.00376510247892222,0.0832014011082001
"597",0,1.00034898777497,-0.0197206263703871,-0.0175839198689563
"598",0,1.00316063075535,-0.0790650697823932,-0.00894236197958338
"599",0,1.00298608414456,0.0253831537850687,-0.0730532716006446
"600",0,1.00078997805305,-0.0135778543179449,-0.0373660546961096
"601",0.45,1.08814437417029,0.316805412348581,0.289296577485977
"602",0.45,1.09376013916065,0.359299035354684,0.259259416820138
"603",0.45,1.0946882225877,0.268204698689941,0.355539792812077
"604",0.45,1.09307207964586,0.305762387548367,0.318301639427205
"605",0.45,1.11093616809108,0.269189148908234,0.402139741486642
"606",0.45,1.09940694812635,0.355230289618877,0.287240454890635
"607",0.45,1.11063525157148,0.23824766807552,0.42041492681614
"608",0.45,1.09883358497561,0.357095899617998,0.282697304455429
"609",0.45,1.17087083991068,0.396363639718632,0.462422305757563
"610",0.45,1.09298729662097,0.361523066464075,0.25282860397753
"611",0.45,1.08292106834011,0.313024178948784,0.273375023819526
"612",0.45,1.08057996285365,0.259593514204549,0.316645327620235
"613",0.45,1.06654741133382,0.246310463205923,0.277226507279086
"614",0.45,1.05857404534626,0.284479543411227,0.199124079059503
"615",0.45,1.09523926189282,0.312434746059883,0.319270371700886
"616",0.45,1.09546292883951,0.225946548333586,0.385988582418934
"617",0.45,1.09941310833448,0.344165800786724,0.300431496928191
"618",0.45,1.18320756102883,0.492215619683539,0.397119523840558
"619",0.45,1.11357852716249,0.333738084777075,0.358714408585328
"620",0.45,1.11073105040899,0.412002123710464,0.252938167149073
"621",0.45,1.09189286554553,0.369051901725516,0.236708098006818
"622",0.45,1.10204893590134,0.340571477296307,0.31388361851725
"623",0.45,1.08479133187921,0.323593145559529,0.268439397010113
"624",0.45,1.09033695575968,0.401366164995786,0.166552930601273
"625",0.45,1.06084194700012,0.200953170532776,0.291553528134772
"626",0.45,1.17102115444363,0.456151281307854,0.404000684053491
"627",0.45,1.11873718800193,0.366846850290836,0.342047195939626
"628",0.45,1.15042270664587,0.467425776065949,0.324014733979129
"629",0.45,1.12322442671562,0.387685535062391,0.333666058618519
"630",0.45,1.08539785853319,0.293118313489207,0.303595397866415
"631",0.45,1.11420012023586,0.375929608379043,0.316415608776787
"632",0.45,1.07221145859152,0.237716606031144,0.305169177919387
"633",0.45,1.0983194944328,0.338588262313098,0.302760136865667
"634",0.45,1.15854852422542,0.346633581578322,0.471253480737358
"635",0.45,1.1800670345205,0.392749320236735,0.48816613710455
"636",0.45,1.09203276797805,0.345494258601454,0.270498213693257
"637",0.45,1.07628330891552,0.275988709872571,0.28673331350406
"638",0.45,1.04996105808081,0.298221961484623,0.116111520420836
"639",0.45,1.15348807021571,0.301042014964766,0.489804484826251
"640",0.45,1.14321785682576,0.355706859634807,0.424758399768666
"641",0.45,1.08345060744378,0.305850594697375,0.283408949212191
"642",0.45,1.06319726716888,0.250954908572016,0.259634479179841
"643",0.45,1.07059555955997,0.218067945213695,0.314040162112738
"644",0.45,1.088263432264,0.279761254047496,0.32565463106918
"645",0.45,1.13581399668976,0.424976095077283,0.330860625776505
"646",0.45,1.07203131336541,0.222681832178049,0.315695958880993
"647",0.45,1.07372258563929,0.248927145964618,0.301521917800079
"648",0.45,1.12576815478897,0.363089165428941,0.368130678272111
"649",0.45,1.10498773628149,0.22761134203027,0.411328304778152
"650",0.45,1.09661436566215,0.313640926183066,0.322788532013792
"651",0.45,1.0923624076105,0.34846000616704,0.268013532611084
"652",0.45,1.09371695558041,0.244991546538794,0.369047315460502
"653",0.45,1.05570903735122,0.154675782915266,0.300993311760543
"654",0.45,1.09144038725572,0.357517720929447,0.251839627847438
"655",0.45,1.16635843217261,0.432609283118909,0.41622253718353
"656",0.45,1.08887313379176,0.240398166734408,0.357565970031007
"657",0.45,1.11867646548941,0.434282017531193,0.250671425752749
"658",0.45,1.12480620357259,0.372733653421143,0.355328888781527
"659",0.45,1.12454212111797,0.431219571243379,0.280436558859891
"660",0.45,1.00000662010082,0.0023295743909427,-0.0027952331954039
"661",0.45,1.11683415896837,0.351383513460554,0.351920680135045
"662",0.45,1.11990186413328,0.285966340683753,0.41521492902488
"663",0.45,1.0667591836594,0.270199900473733,0.254886582043168
"664",0.45,1.15393360462442,0.438217147505667,0.373535132903869
"665",0.45,1.07141383830881,0.219849303334732,0.315585007157911
"666",0.45,1.12572976713203,0.383471170274274,0.346723766384169
"667",0.45,1.0972240769311,0.277685837952006,0.356077590418423
"668",0.45,1.13792356400484,0.426604493068702,0.335974171642809
"669",0.45,1.1652766460865,0.483267075208882,0.352594095148587
"670",0.45,1.06116111919403,0.147538627564254,0.32294778876094
"671",0.45,1.14865990093222,0.406672520083599,0.392475514419029
"672",0.45,1.12246435762593,0.352253681925367,0.368569637532196
"673",0.45,1.17524820901012,0.446940608507029,0.425972352681332
"674",0.45,1.09957916311487,0.311986313691278,0.334273654399709
"675",0.45,1.11628086988977,0.412496809219381,0.275552831351252
"676",0.45,1.13912339971107,0.388857036195058,0.382612500019141
"677",0.45,1.08483928489459,0.332422311449566,0.257627018965643
"678",0.45,1.10318949963436,0.367222693039611,0.286661064360402
"679",0.45,1.11731267351528,0.360542987701308,0.344087727792309
"680",0.45,1.04667552297209,0.252823633466993,0.177791621707707
"681",0.45,1.10786067215899,0.336683523984292,0.337638080781911
"682",0.45,1.13631976487511,0.420322805684273,0.338454350049627
"683",0.45,1.0507195397966,0.237903615222594,0.217746231137052
"684",0.45,1.07105634925518,0.272734112436437,0.269773622122975
"685",0.45,1.07716227218219,0.234763268166378,0.324291178622776
"686",0.45,1.14620166706901,0.464736023877138,0.312727820480765
"687",0.45,1.08056432598539,0.244724374725591,0.328221332346693
"688",0.45,1.12099400465725,0.424720041393996,0.276116723354038
"689",0.45,1.06178965046153,0.244010470361727,0.260492134585805
"690",0.45,1.11739474154081,0.382662127260063,0.319594594422149
"691",0.45,1.09678790097771,0.319192362204779,0.317899253917366
"692",0.45,1.15106448539613,0.428235342385919,0.376249838633682
"693",0.45,1.08888671971669,0.331266020095725,0.275566892614701
"694",0.45,1.1430347160455,0.401280839968485,0.381447309021046
"695",0.45,1.07342780513321,0.299315241595183,0.250315079413774
"696",0.45,1.09792199170505,0.279406990132933,0.356881540198484
"697",0.45,1.11626906215079,0.339635189728519,0.36153085209022
"698",0.45,1.04817747992311,0.21443511340523,0.229550890995558
"699",0.45,1.09080060691229,0.356285067722293,0.250812508775683
"700",0.45,1.12652524358822,0.380214606054922,0.352839875558294
"701",0.45,1.13945588291588,0.450605401470706,0.308730434646541
"702",0.45,1.15488695057009,0.454420718141483,0.356743156235481
"703",0.45,1.16375727424314,0.449851813375913,0.389826037298989
"704",0.45,1.12804831480416,0.388581398647705,0.348564910967083
"705",0.45,1.08851255250545,0.289018787909274,0.318320148902605
"706",0.45,1.08259688875701,0.234642176098012,0.341992796331061
"707",0.45,1.06493700045719,0.316325253023291,0.184469914193396
"708",0.45,1.11233746832763,0.317374498351564,0.369551175402826
"709",0.45,1.06362832830343,0.274481736343698,0.236569222815022
"710",0.45,1.14771844936501,0.456026271737671,0.330601994092401
"711",0.45,1.17122806704134,0.312818206118241,0.523373628439906
"712",0.45,1.08985069828899,0.231654539147548,0.366211303830638
"713",0.45,1.11588857211939,0.312960406554784,0.383748732005356
"714",0.45,1.08492630402887,0.306870642533708,0.287915775748226
"715",0.45,1.10435931420592,0.349769566181509,0.311882582788089
"716",0.45,1.125634202011,0.345036572909042,0.384710436682094
"717",0.45,1.09686090652658,0.310683651267467,0.326465185129187
"718",0.45,1.09828041039204,0.350267446254332,0.289020026893244
"719",0.45,1.04829556881857,0.230995309189591,0.213459051663415
"720",0.45,1.08516111245455,0.276441317817604,0.318048483390297
"721",0.45,1.07454988794602,0.327773802399079,0.21730576648045
"722",0.45,1.10598436565343,0.396611485741999,0.256711406928768
"723",0.45,1.05413507678865,0.275597131334265,0.187741794272203
"724",0.45,1.19015285940615,0.46597905506578,0.446460915414366
"725",0.45,1.10225953138914,0.32049464114028,0.335051129737778
"726",0.45,1.05563620771526,0.282568500012099,0.18580324496729
"727",0.45,1.11273585098322,0.332693496534666,0.357065976294156
"728",0.45,1.09923630486352,0.275648219140264,0.363783607677426
"729",0.45,1.09743417048176,0.292601934700124,0.34459522102133
"730",0.45,1.11165979246507,0.339805907587689,0.346870926069021
"731",0.45,1.1003995083549,0.261370435373193,0.377577241767221
"732",0.45,1.11364380402596,0.357526352043343,0.335227430023249
"733",0.45,1.07934867298341,0.3128968480979,0.259015675821859
"734",0.45,1.1370521706368,0.45127155805209,0.298733358771839
"735",0.45,1.12491889369025,0.416295203916209,0.303547064847695
"736",0.45,1.10847761278356,0.355415827035047,0.320003449880363
"737",0.45,1.07610380039819,0.292826402929597,0.268797483207619
"738",0.45,1.10822950379892,0.264973067629543,0.397444218125497
"739",0.45,1.06369429925351,0.217966135985127,0.28971766571633
"740",0.45,1.10642031060121,0.387602739500618,0.271900754030764
"741",0.45,1.04964276860992,0.233210229939159,0.217630260641336
"742",0.45,1.1068319898278,0.353561417400331,0.316340604146907
"743",0.45,1.0970431117032,0.310899534691969,0.326871638818296
"744",0.45,1.06445368444614,0.245362906856314,0.269923489659556
"745",0.45,1.13687837986436,0.354670692130386,0.408290522479712
"746",0.45,1.09403166863397,0.333830973740705,0.29233914028978
"747",0.45,1.13517592091958,0.306620010230118,0.441144580338576
"748",0.45,1.11084111748104,0.444033430381677,0.191839258208539
"749",0.45,1.09604505069766,0.321410807384766,0.313065242489661
"750",0.45,1.11480919519432,0.416020160201072,0.264058266290011
"751",0.45,1.15521164516181,0.449988208641972,0.363351836655106
"752",0.45,1.10191497142386,0.386123472398799,0.255196528798368
"753",0.45,1.05044580458652,0.243522257135421,0.210079267547032
"754",0.45,1.08937467335996,0.295606308281929,0.315204837307513
"755",0.45,1.09793459242559,0.361345121847798,0.27366050530089
"756",0.45,1.0938237027376,0.331932134233244,0.293719851106379
"757",0.45,1.15627607828285,0.422939785779213,0.397613262875116
"758",0.45,1.10895163773083,0.360874551799529,0.315504821974838
"759",0.45,1.10414806929193,0.330733929879774,0.331297489497552
"760",0.45,1.08745351787734,0.334453846124511,0.265886777325074
"761",0.45,1.09670750165738,0.228220132249604,0.38817897344853
"762",0.45,1.17725382913679,0.472315427596413,0.403540227327647
"763",0.45,1.13165319913606,0.367562261927536,0.381493049375201
"764",0.45,1.15568457106808,0.435759747787174,0.381733244574358
"765",0.45,1.10185865070301,0.342367456609471,0.311250720133833
"766",0.45,1.13272819114699,0.380830842778437,0.37153872504463
"767",0.45,1.14116998798695,0.407966168651724,0.368554672630494
"768",0.45,1.12814442357604,0.369629288153795,0.368895689571759
"769",0.45,1.07963876587188,0.269235280096111,0.305175734167912
"770",0.45,1.11920926695968,0.376665772146421,0.332794650410377
"771",0.45,1.14078555146361,0.376210535978547,0.399821594022723
"772",0.45,1.06660053056325,0.258979994934754,0.265642718743439
"773",0.45,1.09225607894248,0.259282896821173,0.354676925388204
"774",0.45,1.11004122551016,0.402971035179074,0.264207999763071
"775",0.45,1.13477966558025,0.358471171529091,0.399027954656055
"776",0.45,1.08236618018637,0.345841335226035,0.22783836125708
"777",0.45,1.10125250026359,0.17396189222342,0.427193550268316
"778",0.45,1.10006260084365,0.269429728527331,0.370871065413003
"779",0.45,1.14488378543129,0.385315061406186,0.402853801765624
"780",0.45,1.10066356399712,0.343115306853509,0.306157095808123
"781",0.45,1.0960105057444,0.333701553185134,0.299803772664602
"782",0.45,1.14522551241748,0.39665169578025,0.392694418761615
"783",0.45,1.14367245534419,0.352152459204102,0.428923455396786
"784",0.45,1.07756779705708,0.279997895143329,0.287669143235341
"785",0.45,1.07979737374017,0.268575128009824,0.306316452301675
"786",0.45,1.10233966678264,0.405028785157271,0.22606287655535
"787",0.45,1.06640667198448,0.238477257611031,0.283463908911426
"788",0.45,1.09828234396649,0.200328017131596,0.407544835104859
"789",0.45,1.13300652093917,0.377655268192,0.375606542671322
"790",0.45,1.13675672329805,0.358003254482517,0.405030267687799
"791",0.45,1.14057066369778,0.417444181167433,0.355867664304355
"792",0.45,1.17063622233688,0.489021253773025,0.362280800492393
"793",0.45,1.12880164332341,0.383973530432512,0.356030164307496
"794",0.45,1.11869816867303,0.298235437491994,0.40316400684629
"795",0.45,1.11384238360609,0.417607741374717,0.25738809191803
"796",0.45,1.07219482587635,0.247975889489348,0.296832786039534
"797",0.45,1.07136071077375,0.224839594897324,0.311866845233721
"798",0.45,1.10126351426547,0.323650983349561,0.328681257191832
"799",0.45,1.01491684129383,0.10128557490557,0.140703329946021
"800",0.45,1.148320751507,0.392129337606367,0.406048187940794
"801",0.8,1.30690908389463,0.624744142952591,0.563654246336119
"802",0.8,1.36312551310671,0.663068215150957,0.646878432581385
"803",0.8,1.44962332109263,0.75083727926819,0.733246993254503
"804",0.8,1.2672447295661,0.572188328551336,0.527740202450687
"805",0.8,1.48457183289319,0.646526809240719,0.886541940323664
"806",0.8,1.39934911352061,0.578938098531466,0.78930895065221
"807",0.8,1.45470683929012,0.719741420280365,0.77339787704018
"808",0.8,1.26795097819115,0.531485059581933,0.570283538721822
"809",0.8,1.34046406475194,0.635461818568045,0.62692279112622
"810",0.8,1.23976506039485,0.577257379323232,0.451432523188921
"811",0.8,1.26556217435397,0.487666127271592,0.603182696591577
"812",0.8,1.2816443947915,0.621609392733432,0.506175974900075
"813",0.8,1.50387580421422,0.816940646644946,0.770876393697656
"814",0.8,1.32304489920829,0.584537213681082,0.639346581396211
"815",0.8,1.38816835192225,0.672950886658029,0.688584401090176
"816",0.8,1.2244836308492,0.581902706371839,0.40093565884662
"817",0.8,1.3345826300033,0.52726509132682,0.70929706031721
"818",0.8,1.39222170463734,0.744898316734056,0.619199299571689
"819",0.8,1.31818987504967,0.606410458386212,0.608186568943512
"820",0.8,1.25165052596391,0.521566683923051,0.542768121178128
"821",0.8,1.46144593114837,0.788286871171657,0.717236375547507
"822",0.8,1.35166973779055,0.687499484195625,0.595277699304727
"823",0.8,1.32742312912443,0.669556875037193,0.560130123118657
"824",0.8,1.32195710214427,0.6758990736318,0.539194790565861
"825",0.8,1.29429237653144,0.566326790802535,0.5953710792159
"826",0.8,1.38308180916872,0.647505193078883,0.702603953724505
"827",0.8,1.35853625868341,0.756966971077922,0.5221319477437
"828",0.8,1.38918103462831,0.665189342453585,0.698102489364674
"829",0.8,1.30825581151244,0.609600398786963,0.583027119570641
"830",0.8,1.31314628705606,0.69429761744565,0.492243831468125
"831",0.8,1.38252131451461,0.752158429720515,0.587896999216341
"832",0.8,1.33517031789234,0.62371050960916,0.627427269078906
"833",0.8,1.39813591014965,0.65973841213698,0.720783775345259
"834",0.8,1.3992420460976,0.730641795546561,0.651184206018469
"835",0.8,1.38586078536244,0.72809051714578,0.624895443452567
"836",0.8,1.35537715258409,0.674538758145373,0.61809763751907
"837",0.8,1.2875097427419,0.464291712086645,0.664916944996108
"838",0.8,1.39710611754228,0.74279676649445,0.632580799075863
"839",0.8,1.40796499355711,0.652685084822478,0.745900531661266
"840",0.8,1.36262970030064,0.697292799160395,0.60872198282999
"841",0.8,1.34254111672288,0.667299657609126,0.597601721087092
"842",0.8,1.39295044555402,0.765205061904802,0.595627532107445
"843",0.8,1.40296315504245,0.722199877587558,0.668380842947481
"844",0.8,1.36300862807797,0.685523977252647,0.622775558950984
"845",0.8,1.32294904868958,0.605390112563336,0.619432802682595
"846",0.8,1.2983640394549,0.524535140720464,0.640790188048323
"847",0.8,1.35790072348326,0.601702147458311,0.69415336963846
"848",0.8,1.41870779408515,0.698911139495715,0.724054572588794
"849",0.8,1.41793573232305,0.639617171159135,0.775520222403567
"850",0.8,1.34359806646493,0.643407382420015,0.625525942272366
"851",0.8,1.2626905551071,0.572806814555051,0.51602305293075
"852",0.8,1.39383896437923,0.633636857666317,0.735725078564356
"853",0.8,1.28462993043206,0.549890416178376,0.589825896648379
"854",0.8,1.32252458997459,0.581296559295326,0.641221959417226
"855",0.8,1.33965251646611,0.6177368555152,0.642705252983181
"856",0.8,1.3934304249128,0.699336263506836,0.672738537335985
"857",0.8,1.28505628158801,0.443001940082257,0.674625027650293
"858",0.8,1.35668297608427,0.627622166667004,0.668340567005392
"859",0.8,1.42027125710407,0.674615947260681,0.749709121898314
"860",0.8,1.36076460918466,0.728003346963312,0.567178497846752
"861",0.8,1.29664026784848,0.610483849337874,0.555504683962054
"862",0.8,1.3507811242591,0.688722031540083,0.591837485232198
"863",0.8,1.34453960993028,0.702644680086099,0.560425923934794
"864",0.8,1.36717687225957,0.689344411936611,0.627675777590007
"865",0.8,1.34706079519144,0.657300769786523,0.618488871346791
"866",0.8,1.41346830072864,0.739650778943716,0.671423385333464
"867",0.8,1.29503229744434,0.536139891781944,0.62422965955168
"868",0.8,1.29414454167193,0.61073712454655,0.549372605287026
"869",0.8,1.28343688145703,0.518704430894288,0.614943852766073
"870",0.8,1.3748396715058,0.595180776773599,0.732081938928533
"871",0.8,1.35137435372293,0.708189953650352,0.569806663219001
"872",0.8,1.31877305065906,0.644198463321423,0.569359902872451
"873",0.8,1.29300822709041,0.671594148101383,0.46992720240422
"874",0.8,1.24608276811833,0.507929242691626,0.542890550129712
"875",0.8,1.39692119389108,0.69290202676959,0.686495158934624
"876",0.8,1.36067918778295,0.659035303259575,0.645848528002674
"877",0.8,1.34739891988572,0.593274021575164,0.680815529077612
"878",0.8,1.27865237379678,0.558569492898736,0.568288671908017
"879",0.8,1.27011130584658,0.571935577586511,0.534857386908031
"880",0.8,1.28046476402713,0.555662853724252,0.575177194354997
"881",0.8,1.33594778312485,0.640858260778498,0.611602132785817
"882",0.8,1.28150349626273,0.581215712938169,0.55176037005876
"883",0.8,1.31403244039775,0.639341601558168,0.563847116632432
"884",0.8,1.35584821019832,0.684883370704726,0.607666962760119
"885",0.8,1.27141080372009,0.604105820138719,0.501539220690359
"886",0.8,1.444559994001,0.687038362712249,0.784048381434361
"887",0.8,1.30818657420672,0.550688996513523,0.638822152131287
"888",0.8,1.3413158574546,0.634949120800015,0.629259758330727
"889",0.8,1.2886969620897,0.546337736080139,0.601876181813207
"890",0.8,1.4379554536822,0.71339993216384,0.747513493900289
"891",0.8,1.38565405578752,0.629456691864078,0.723755093514326
"892",0.8,1.3934703249901,0.651703698358548,0.719056212109876
"893",0.8,1.36100405157809,0.669484207980249,0.635706633343577
"894",0.8,1.31173585140648,0.598042770947375,0.602491317765374
"895",0.8,1.38329176314934,0.642839080536661,0.707286376605401
"896",0.8,1.35507963201241,0.677233342962495,0.614488249094104
"897",0.8,1.32751057416413,0.7324998922323,0.475108653254433
"898",0.8,1.35255963934062,0.578276404677638,0.703572297469383
"899",0.8,1.28414122920249,0.592399678303983,0.545968238712672
"900",0.8,1.32586431064929,0.668213093732891,0.558038915862895
"901",0.8,1.3126124075359,0.683110770763626,0.50627167339672
"902",0.8,1.25102776057593,0.599383231721447,0.453663090037957
"903",0.8,1.2945243968686,0.58577309046692,0.576769711906615
"904",0.8,1.41759986871203,0.729813242827118,0.690624368500374
"905",0.8,1.30012136178092,0.515102412937729,0.651908781613494
"906",0.8,1.43282582183897,0.711844764182354,0.739098685856425
"907",0.8,1.28057065415352,0.621004544122983,0.504196942134507
"908",0.8,1.30846827842763,0.630802420695853,0.560515425029152
"909",0.8,1.45416899871903,0.714241406651169,0.777474558979554
"910",0.8,1.270804230404,0.443635515355264,0.646630436592779
"911",0.8,1.39042821342039,0.613773068714975,0.746038361477221
"912",0.8,1.40000625904697,0.688616555156386,0.697011309330957
"913",0.8,1.30840512872499,0.624176208974706,0.567739412956164
"914",0.8,1.42944622080909,0.720392569082471,0.724120877061392
"915",0.8,1.44431729115592,0.679608319633256,0.790053776281858
"916",0.8,1.35994886390254,0.669102389033435,0.633847698914782
"917",0.8,1.38574929853664,0.738258867021021,0.612596901444686
"918",0.8,1.30464184526904,0.627063787162721,0.555770952152181
"919",0.8,1.27122427788685,0.545924769970742,0.563894768747989
"920",0.8,1.26516494102606,0.576002818037406,0.518520087956518
"921",0.8,1.30303775055306,0.606184443513287,0.574845892225787
"922",0.8,1.33358763337285,0.694350662716504,0.544364889637595
"923",0.8,1.28084139976151,0.584366253709902,0.546873635191974
"924",0.8,1.44972215886126,0.793360222233541,0.687221867864306
"925",0.8,1.39298296253245,0.63702199248353,0.731166543954242
"926",0.8,1.31044507522169,0.62028540451885,0.576638805591221
"927",0.8,1.32766224692226,0.664912882620592,0.566195991179581
"928",0.8,1.40743592394179,0.725382993075159,0.674311050895066
"929",0.8,1.29607584363219,0.590073311314624,0.575869846164126
"930",0.8,1.32920632780132,0.442722352280795,0.755504057340545
"931",0.8,1.23266790462977,0.469193754528664,0.547108201195734
"932",0.8,1.37155944408831,0.697837263163536,0.627852261928116
"933",0.8,1.28904904885385,0.579318903655205,0.570996548342236
"934",0.8,1.40706797526585,0.736292714456095,0.661599067152924
"935",0.8,1.27217691931949,0.551134542781443,0.560967761820868
"936",0.8,1.37666633882321,0.65111071731375,0.686487466927158
"937",0.8,1.21667460654796,0.407093359990592,0.560867269922396
"938",0.8,1.26842814794483,0.492811237961415,0.605018223062485
"939",0.8,1.42866416925215,0.772681582513602,0.666366626227035
"940",0.8,1.25139859981229,0.565523252700509,0.496167216034279
"941",0.8,1.37076400619261,0.640556686415833,0.684602871861624
"942",0.8,1.34154903502833,0.635314477383101,0.629388058524221
"943",0.8,1.32892795295694,0.575512292883484,0.659420279404818
"944",0.8,1.31309082517481,0.59648453719908,0.606970931792175
"945",0.8,1.35235841042723,0.634959446635955,0.652456719929395
"946",0.8,1.40583744961127,0.680822190419669,0.716142499619795
"947",0.8,1.34533457052342,0.671996703738051,0.598619692969276
"948",0.8,1.29322111624167,0.556469762594177,0.602297483650512
"949",0.8,1.31450142952115,0.669214871682786,0.529212116009965
"950",0.8,1.2609260519886,0.533369147446285,0.552676995301941
"951",0.8,1.30064067339108,0.601574574648099,0.5742596907464
"952",0.8,1.36751858675318,0.65303918845133,0.66606824234626
"953",0.8,1.32147586374671,0.560773183634351,0.657139174742842
"954",0.8,1.45976014543176,0.69673129569779,0.803408478786625
"955",0.8,1.37677844560882,0.67036333526181,0.667931049607438
"956",0.8,1.4066447079955,0.649365187568643,0.746307033134272
"957",0.8,1.2905351757594,0.625970453108466,0.523108049744539
"958",0.8,1.2280913208606,0.538962433677326,0.466613102535435
"959",0.8,1.34298514759482,0.649509118825439,0.61785678860306
"960",0.8,1.31611463793962,0.530923247315648,0.671027753270118
"961",0.8,1.36016468462924,0.646899585168799,0.656939035239182
"962",0.8,1.40862692795145,0.787913119377626,0.602845534496661
"963",0.8,1.30573397388522,0.589674957752647,0.5976827375435
"964",0.8,1.37289753496563,0.649669475883697,0.68027730641239
"965",0.8,1.43576129076151,0.795615086814468,0.654528164162824
"966",0.8,1.35238658630179,0.672849643607748,0.613370064403148
"967",0.8,1.29069900563169,0.56603679948328,0.587797809428848
"968",0.8,1.23851444546755,0.532951889791661,0.499880300471305
"969",0.8,1.37031244316415,0.611267526079011,0.710005777055196
"970",0.8,1.33962595845107,0.618753634669712,0.641670981219317
"971",0.8,1.21633110259358,0.529359780570332,0.446362603553483
"972",0.8,1.3011866578761,0.623177774619693,0.552029147649676
"973",0.8,1.40919228438177,0.687948312689827,0.715925983205202
"974",0.8,1.26807757438753,0.500375667312211,0.598034218273859
"975",0.8,1.48064905194969,0.805453221801496,0.737269775949835
"976",0.8,1.49712708651793,0.711243560450379,0.857625857179886
"977",0.8,1.35698336229352,0.572116937203805,0.716997946793408
"978",0.8,1.44435627282691,0.770366793994646,0.701925954474436
"979",0.8,1.33817827847368,0.610074761744509,0.646938861146219
"980",0.8,1.35969789018073,0.70125865192237,0.597507033988678
"981",0.8,1.31911051930052,0.600045567392402,0.61643968008397
"982",0.8,1.36384599380587,0.656321868205307,0.655223244502067
"983",0.8,1.30691964507137,0.525897359128474,0.656864465727268
"984",0.8,1.30614928216523,0.657510483714099,0.523169103738735
"985",0.8,1.35733975802269,0.582896366231122,0.708945022511379
"986",0.8,1.36758550351423,0.676598843069295,0.642264832432512
"987",0.8,1.37007172581051,0.67836823982076,0.645688055540652
"988",0.8,1.33765307491862,0.607162968559415,0.648589915469988
"989",0.8,1.36622255970675,0.699849255788961,0.613820089133046
"990",0.8,1.37282010082549,0.634431927431129,0.694356650926977
"991",0.8,1.46087625728944,0.765477796973261,0.740407442867081
"992",0.8,1.28816361693777,0.57985376574711,0.568449746548542
"993",0.8,1.28749703873912,0.638538549806277,0.499917138307239
"994",0.8,1.43883357767522,0.796111413612884,0.66064262756876
"995",0.8,1.32242557209048,0.569750850708045,0.651301283459721
"996",0.8,1.36039585244124,0.636478121842331,0.667512154013234
"997",0.8,1.3150715352741,0.565589033274551,0.639939206743693
"998",0.8,1.24265376583599,0.553980026140987,0.487128845772044
"999",0.8,1.23699758600344,0.539682291266424,0.488780167633429
"1000",0.8,1.32082373858383,0.572276634963327,0.645813286857447
